path,day,participant,duration_seconds,container_duration_seconds,fps,width,height,size,bytes_fetched,preview_path,source_url
A2_ALICE/DAY1/DAY1_A2_ALICE_11203000.mp4,DAY1,A2_ALICE,30.0,30.04,20.0,1408,1408,14399626,178314,previews/DAY1/001.jpg,https://huggingface.co/datasets/lmms-lab/EgoLife/resolve/main/A2_ALICE/DAY1/DAY1_A2_ALICE_11203000.mp4
A3_TASHA/DAY1/DAY1_A3_TASHA_11203000.mp4,DAY1,A3_TASHA,30.0,30.04,20.0,1408,1408,13225278,249150,previews/DAY1/002.jpg,https://huggingface.co/datasets/lmms-lab/EgoLife/resolve/main/A3_TASHA/DAY1/DAY1_A3_TASHA_11203000.mp4
A4_LUCIA/DAY1/DAY1_A4_LUCIA_11210000.mp4,DAY1,A4_LUCIA,30.0,30.0,20.0,1408,1408,11966565,170085,previews/DAY1/003.jpg,https://huggingface.co/datasets/lmms-lab/EgoLife/resolve/main/A4_LUCIA/DAY1/DAY1_A4_LUCIA_11210000.mp4
A5_KATRINA/DAY1/DAY1_A5_KATRINA_11210000.mp4,DAY1,A5_KATRINA,30.0,30.0,20.0,1408,1408,13461622,223350,previews/DAY1/004.jpg,https://huggingface.co/datasets/lmms-lab/EgoLife/resolve/main/A5_KATRINA/DAY1/DAY1_A5_KATRINA_11210000.mp4
A6_SHURE/DAY1/DAY1_A6_SHURE_11210000.mp4,DAY1,A6_SHURE,30.0,30.0,20.0,1408,1408,12880012,231564,previews/DAY1/005.jpg,https://huggingface.co/datasets/lmms-lab/EgoLife/resolve/main/A6_SHURE/DAY1/DAY1_A6_SHURE_11210000.mp4
A1_JAKE/DAY1/DAY1_A1_JAKE_11213000.mp4,DAY1,A1_JAKE,30.0,30.04,20.0,1408,1408,15828321,165217,previews/DAY1/006.jpg,https://huggingface.co/datasets/lmms-lab/EgoLife/resolve/main/A1_JAKE/DAY1/DAY1_A1_JAKE_11213000.mp4
A3_TASHA/DAY1/DAY1_A3_TASHA_11433000.mp4,DAY1,A3_TASHA,30.0,30.0,20.0,1408,1408,15347989,274709,previews/DAY1/007.jpg,https://huggingface.co/datasets/lmms-lab/EgoLife/resolve/main/A3_TASHA/DAY1/DAY1_A3_TASHA_11433000.mp4
A2_ALICE/DAY1/DAY1_A2_ALICE_11440000.mp4,DAY1,A2_ALICE,30.0,30.04,20.0,1408,1408,15930952,267848,previews/DAY1/008.jpg,https://huggingface.co/datasets/lmms-lab/EgoLife/resolve/main/A2_ALICE/DAY1/DAY1_A2_ALICE_11440000.mp4
A6_SHURE/DAY1/DAY1_A6_SHURE_11443000.mp4,DAY1,A6_SHURE,30.0,30.0,20.0,1408,1408,11509590,171862,previews/DAY1/009.jpg,https://huggingface.co/datasets/lmms-lab/EgoLife/resolve/main/A6_SHURE/DAY1/DAY1_A6_SHURE_11443000.mp4
A4_LUCIA/DAY1/DAY1_A4_LUCIA_11450000.mp4,DAY1,A4_LUCIA,30.0,30.0,20.0,1408,1408,12478073,157305,previews/DAY1/010.jpg,https://huggingface.co/datasets/lmms-lab/EgoLife/resolve/main/A4_LUCIA/DAY1/DAY1_A4_LUCIA_11450000.mp4
A5_KATRINA/DAY1/DAY1_A5_KATRINA_11450000.mp4,DAY1,A5_KATRINA,30.0,30.0,20.0,1408,1408,13489149,185341,previews/DAY1/011.jpg,https://huggingface.co/datasets/lmms-lab/EgoLife/resolve/main/A5_KATRINA/DAY1/DAY1_A5_KATRINA_11450000.mp4
A1_JAKE/DAY1/DAY1_A1_JAKE_11460000.mp4,DAY1,A1_JAKE,30.0,30.04,20.0,1408,1408,11313396,172276,previews/DAY1/012.jpg,https://huggingface.co/datasets/lmms-lab/EgoLife/resolve/main/A1_JAKE/DAY1/DAY1_A1_JAKE_11460000.mp4
A3_TASHA/DAY1/DAY1_A3_TASHA_12060000.mp4,DAY1,A3_TASHA,30.0,30.04,20.0,1408,1408,11005588,192148,previews/DAY1/013.jpg,https://huggingface.co/datasets/lmms-lab/EgoLife/resolve/main/A3_TASHA/DAY1/DAY1_A3_TASHA_12060000.mp4
A2_ALICE/DAY1/DAY1_A2_ALICE_12073000.mp4,DAY1,A2_ALICE,30.0,30.0,20.0,1408,1408,15789206,257174,previews/DAY1/014.jpg,https://huggingface.co/datasets/lmms-lab/EgoLife/resolve/main/A2_ALICE/DAY1/DAY1_A2_ALICE_12073000.mp4
A6_SHURE/DAY1/DAY1_A6_SHURE_12080000.mp4,DAY1,A6_SHURE,30.0,30.04,20.0,1408,1408,13775990,210038,previews/DAY1/015.jpg,https://huggingface.co/datasets/lmms-lab/EgoLife/resolve/main/A6_SHURE/DAY1/DAY1_A6_SHURE_12080000.mp4
A4_LUCIA/DAY1/DAY1_A4_LUCIA_12083000.mp4,DAY1,A4_LUCIA,30.0,30.0,20.0,1408,1408,12632359,180519,previews/DAY1/016.jpg,https://huggingface.co/datasets/lmms-lab/EgoLife/resolve/main/A4_LUCIA/DAY1/DAY1_A4_LUCIA_12083000.mp4
A5_KATRINA/DAY1/DAY1_A5_KATRINA_12083000.mp4,DAY1,A5_KATRINA,30.0,30.0,20.0,1408,1408,13257956,150756,previews/DAY1/017.jpg,https://huggingface.co/datasets/lmms-lab/EgoLife/resolve/main/A5_KATRINA/DAY1/DAY1_A5_KATRINA_12083000.mp4
A1_JAKE/DAY1/DAY1_A1_JAKE_12100000.mp4,DAY1,A1_JAKE,30.0,30.04,20.0,1408,1408,12046130,184114,previews/DAY1/018.jpg,https://huggingface.co/datasets/lmms-lab/EgoLife/resolve/main/A1_JAKE/DAY1/DAY1_A1_JAKE_12100000.mp4
A3_TASHA/DAY1/DAY1_A3_TASHA_12283000.mp4,DAY1,A3_TASHA,30.0,30.04,20.0,1408,1408,12966104,252120,previews/DAY1/019.jpg,https://huggingface.co/datasets/lmms-lab/EgoLife/resolve/main/A3_TASHA/DAY1/DAY1_A3_TASHA_12283000.mp4
A6_SHURE/DAY1/DAY1_A6_SHURE_12313000.mp4,DAY1,A6_SHURE,30.0,30.0,20.0,1408,1408,13385854,278654,previews/DAY1/020.jpg,https://huggingface.co/datasets/lmms-lab/EgoLife/resolve/main/A6_SHURE/DAY1/DAY1_A6_SHURE_12313000.mp4
A4_LUCIA/DAY1/DAY1_A4_LUCIA_12323000.mp4,DAY1,A4_LUCIA,30.0,30.0,20.0,1408,1408,17054667,277451,previews/DAY1/021.jpg,https://huggingface.co/datasets/lmms-lab/EgoLife/resolve/main/A4_LUCIA/DAY1/DAY1_A4_LUCIA_12323000.mp4
A5_KATRINA/DAY1/DAY1_A5_KATRINA_12323000.mp4,DAY1,A5_KATRINA,30.0,30.04,20.0,1408,1408,13178735,202607,previews/DAY1/022.jpg,https://huggingface.co/datasets/lmms-lab/EgoLife/resolve/main/A5_KATRINA/DAY1/DAY1_A5_KATRINA_12323000.mp4
A1_JAKE/DAY1/DAY1_A1_JAKE_12343000.mp4,DAY1,A1_JAKE,30.0,30.0,20.0,1408,1408,13841966,276014,previews/DAY1/023.jpg,https://huggingface.co/datasets/lmms-lab/EgoLife/resolve/main/A1_JAKE/DAY1/DAY1_A1_JAKE_12343000.mp4
A2_ALICE/DAY1/DAY1_A2_ALICE_12353000.mp4,DAY1,A2_ALICE,30.0,30.04,20.0,1408,1408,13209643,167979,previews/DAY1/024.jpg,https://huggingface.co/datasets/lmms-lab/EgoLife/resolve/main/A2_ALICE/DAY1/DAY1_A2_ALICE_12353000.mp4
A3_TASHA/DAY1/DAY1_A3_TASHA_12513000.mp4,DAY1,A3_TASHA,30.0,30.0,20.0,1408,1408,13100488,255432,previews/DAY1/025.jpg,https://huggingface.co/datasets/lmms-lab/EgoLife/resolve/main/A3_TASHA/DAY1/DAY1_A3_TASHA_12513000.mp4
A6_SHURE/DAY1/DAY1_A6_SHURE_12550000.mp4,DAY1,A6_SHURE,30.0,30.04,20.0,1408,1408,12145813,152725,previews/DAY1/026.jpg,https://huggingface.co/datasets/lmms-lab/EgoLife/resolve/main/A6_SHURE/DAY1/DAY1_A6_SHURE_12550000.mp4
A5_KATRINA/DAY1/DAY1_A5_KATRINA_12560000.mp4,DAY1,A5_KATRINA,30.0,30.04,20.0,1408,1408,12069440,207424,previews/DAY1/027.jpg,https://huggingface.co/datasets/lmms-lab/EgoLife/resolve/main/A5_KATRINA/DAY1/DAY1_A5_KATRINA_12560000.mp4
A4_LUCIA/DAY1/DAY1_A4_LUCIA_12563000.mp4,DAY1,A4_LUCIA,30.0,30.04,20.0,1408,1408,12254849,196225,previews/DAY1/028.jpg,https://huggingface.co/datasets/lmms-lab/EgoLife/resolve/main/A4_LUCIA/DAY1/DAY1_A4_LUCIA_12563000.mp4
A2_ALICE/DAY1/DAY1_A2_ALICE_12583000.mp4,DAY1,A2_ALICE,30.0,30.04,20.0,1408,1408,11774279,239943,previews/DAY1/029.jpg,https://huggingface.co/datasets/lmms-lab/EgoLife/resolve/main/A2_ALICE/DAY1/DAY1_A2_ALICE_12583000.mp4
A1_JAKE/DAY1/DAY1_A1_JAKE_12590000.mp4,DAY1,A1_JAKE,30.0,30.0,20.0,1408,1408,15460770,190882,previews/DAY1/030.jpg,https://huggingface.co/datasets/lmms-lab/EgoLife/resolve/main/A1_JAKE/DAY1/DAY1_A1_JAKE_12590000.mp4
A3_TASHA/DAY1/DAY1_A3_TASHA_13140000.mp4,DAY1,A3_TASHA,30.0,30.0,20.0,1408,1408,14181620,156916,previews/DAY1/031.jpg,https://huggingface.co/datasets/lmms-lab/EgoLife/resolve/main/A3_TASHA/DAY1/DAY1_A3_TASHA_13140000.mp4
A6_SHURE/DAY1/DAY1_A6_SHURE_13183000.mp4,DAY1,A6_SHURE,30.0,30.0,20.0,1408,1408,15855586,192482,previews/DAY1/032.jpg,https://huggingface.co/datasets/lmms-lab/EgoLife/resolve/main/A6_SHURE/DAY1/DAY1_A6_SHURE_13183000.mp4
A5_KATRINA/DAY1/DAY1_A5_KATRINA_13193000.mp4,DAY1,A5_KATRINA,30.0,30.0,20.0,1408,1408,13577219,207875,previews/DAY1/033.jpg,https://huggingface.co/datasets/lmms-lab/EgoLife/resolve/main/A5_KATRINA/DAY1/DAY1_A5_KATRINA_13193000.mp4
A4_LUCIA/DAY1/DAY1_A4_LUCIA_13200000.mp4,DAY1,A4_LUCIA,30.0,30.0,20.0,1408,1408,11772447,172575,previews/DAY1/034.jpg,https://huggingface.co/datasets/lmms-lab/EgoLife/resolve/main/A4_LUCIA/DAY1/DAY1_A4_LUCIA_13200000.mp4
A2_ALICE/DAY1/DAY1_A2_ALICE_13220000.mp4,DAY1,A2_ALICE,30.0,30.04,20.0,1408,1408,13280058,172858,previews/DAY1/035.jpg,https://huggingface.co/datasets/lmms-lab/EgoLife/resolve/main/A2_ALICE/DAY1/DAY1_A2_ALICE_13220000.mp4
A1_JAKE/DAY1/DAY1_A1_JAKE_13230000.mp4,DAY1,A1_JAKE,30.0,30.0,20.0,1408,1408,15144234,267562,previews/DAY1/036.jpg,https://huggingface.co/datasets/lmms-lab/EgoLife/resolve/main/A1_JAKE/DAY1/DAY1_A1_JAKE_13230000.mp4
A3_TASHA/DAY1/DAY1_A3_TASHA_13363000.mp4,DAY1,A3_TASHA,30.0,30.04,20.0,1408,1408,16097478,172230,previews/DAY1/037.jpg,https://huggingface.co/datasets/lmms-lab/EgoLife/resolve/main/A3_TASHA/DAY1/DAY1_A3_TASHA_13363000.mp4
A6_SHURE/DAY1/DAY1_A6_SHURE_13420000.mp4,DAY1,A6_SHURE,30.0,30.04,20.0,1408,1408,13664417,164001,previews/DAY1/038.jpg,https://huggingface.co/datasets/lmms-lab/EgoLife/resolve/main/A6_SHURE/DAY1/DAY1_A6_SHURE_13420000.mp4
A4_LUCIA/DAY1/DAY1_A4_LUCIA_13440000.mp4,DAY1,A4_LUCIA,30.0,30.04,20.0,1408,1408,15960738,166562,previews/DAY1/039.jpg,https://huggingface.co/datasets/lmms-lab/EgoLife/resolve/main/A4_LUCIA/DAY1/DAY1_A4_LUCIA_13440000.mp4
A2_ALICE/DAY1/DAY1_A2_ALICE_13453000.mp4,DAY1,A2_ALICE,30.05,30.05,20.0,1408,1408,16217449,226665,previews/DAY1/040.jpg,https://huggingface.co/datasets/lmms-lab/EgoLife/resolve/main/A2_ALICE/DAY1/DAY1_A2_ALICE_13453000.mp4
A1_JAKE/DAY1/DAY1_A1_JAKE_13473000.mp4,DAY1,A1_JAKE,30.0,30.0,20.0,1408,1408,15060086,183414,previews/DAY1/041.jpg,https://huggingface.co/datasets/lmms-lab/EgoLife/resolve/main/A1_JAKE/DAY1/DAY1_A1_JAKE_13473000.mp4
A3_TASHA/DAY1/DAY1_A3_TASHA_13593000.mp4,DAY1,A3_TASHA,30.0,30.04,20.0,1408,1408,16013093,153381,previews/DAY1/042.jpg,https://huggingface.co/datasets/lmms-lab/EgoLife/resolve/main/A3_TASHA/DAY1/DAY1_A3_TASHA_13593000.mp4
A6_SHURE/DAY1/DAY1_A6_SHURE_14053000.mp4,DAY1,A6_SHURE,30.0,30.04,20.0,1408,1408,13730647,164695,previews/DAY1/043.jpg,https://huggingface.co/datasets/lmms-lab/EgoLife/resolve/main/A6_SHURE/DAY1/DAY1_A6_SHURE_14053000.mp4
A4_LUCIA/DAY1/DAY1_A4_LUCIA_14073000.mp4,DAY1,A4_LUCIA,30.0,30.0,20.0,1408,1408,19312293,175781,previews/DAY1/044.jpg,https://huggingface.co/datasets/lmms-lab/EgoLife/resolve/main/A4_LUCIA/DAY1/DAY1_A4_LUCIA_14073000.mp4
A2_ALICE/DAY1/DAY1_A2_ALICE_14090000.mp4,DAY1,A2_ALICE,30.0,30.0,20.0,1408,1408,16704623,189551,previews/DAY1/045.jpg,https://huggingface.co/datasets/lmms-lab/EgoLife/resolve/main/A2_ALICE/DAY1/DAY1_A2_ALICE_14090000.mp4
A1_JAKE/DAY1/DAY1_A1_JAKE_14120000.mp4,DAY1,A1_JAKE,30.0,30.0,20.0,1408,1408,11668345,199545,previews/DAY1/046.jpg,https://huggingface.co/datasets/lmms-lab/EgoLife/resolve/main/A1_JAKE/DAY1/DAY1_A1_JAKE_14120000.mp4
A5_KATRINA/DAY1/DAY1_A5_KATRINA_17110000.mp4,DAY1,A5_KATRINA,30.0,30.0,20.0,1408,1408,19095893,221525,previews/DAY1/047.jpg,https://huggingface.co/datasets/lmms-lab/EgoLife/resolve/main/A5_KATRINA/DAY1/DAY1_A5_KATRINA_17110000.mp4
A3_TASHA/DAY1/DAY1_A3_TASHA_17133000.mp4,DAY1,A3_TASHA,30.0,30.0,20.0,1408,1408,24232962,246786,previews/DAY1/048.jpg,https://huggingface.co/datasets/lmms-lab/EgoLife/resolve/main/A3_TASHA/DAY1/DAY1_A3_TASHA_17133000.mp4
A6_SHURE/DAY1/DAY1_A6_SHURE_17213000.mp4,DAY1,A6_SHURE,30.0,30.0,20.0,1408,1408,20432856,247768,previews/DAY1/049.jpg,https://huggingface.co/datasets/lmms-lab/EgoLife/resolve/main/A6_SHURE/DAY1/DAY1_A6_SHURE_17213000.mp4
A2_ALICE/DAY1/DAY1_A2_ALICE_17240000.mp4,DAY1,A2_ALICE,30.0,30.04,20.0,1408,1408,20127860,270452,previews/DAY1/050.jpg,https://huggingface.co/datasets/lmms-lab/EgoLife/resolve/main/A2_ALICE/DAY1/DAY1_A2_ALICE_17240000.mp4
A4_LUCIA/DAY1/DAY1_A4_LUCIA_17240000.mp4,DAY1,A4_LUCIA,30.0,30.04,20.0,1408,1408,19236637,231197,previews/DAY1/051.jpg,https://huggingface.co/datasets/lmms-lab/EgoLife/resolve/main/A4_LUCIA/DAY1/DAY1_A4_LUCIA_17240000.mp4
A1_JAKE/DAY1/DAY1_A1_JAKE_17283000.mp4,DAY1,A1_JAKE,30.0,30.0,20.0,1408,1408,21040792,265880,previews/DAY1/052.jpg,https://huggingface.co/datasets/lmms-lab/EgoLife/resolve/main/A1_JAKE/DAY1/DAY1_A1_JAKE_17283000.mp4
A5_KATRINA/DAY1/DAY1_A5_KATRINA_17343000.mp4,DAY1,A5_KATRINA,30.0,30.04,20.0,1408,1408,19066259,257427,previews/DAY1/053.jpg,https://huggingface.co/datasets/lmms-lab/EgoLife/resolve/main/A5_KATRINA/DAY1/DAY1_A5_KATRINA_17343000.mp4
A3_TASHA/DAY1/DAY1_A3_TASHA_17360000.mp4,DAY1,A3_TASHA,30.0,30.0,20.0,1408,1408,19252830,247390,previews/DAY1/054.jpg,https://huggingface.co/datasets/lmms-lab/EgoLife/resolve/main/A3_TASHA/DAY1/DAY1_A3_TASHA_17360000.mp4
A6_SHURE/DAY1/DAY1_A6_SHURE_17450000.mp4,DAY1,A6_SHURE,30.0,30.04,20.0,1408,1408,18894768,217008,previews/DAY1/055.jpg,https://huggingface.co/datasets/lmms-lab/EgoLife/resolve/main/A6_SHURE/DAY1/DAY1_A6_SHURE_17450000.mp4
A2_ALICE/DAY1/DAY1_A2_ALICE_17473000.mp4,DAY1,A2_ALICE,30.0,30.0,20.0,1408,1408,20107423,250015,previews/DAY1/056.jpg,https://huggingface.co/datasets/lmms-lab/EgoLife/resolve/main/A2_ALICE/DAY1/DAY1_A2_ALICE_17473000.mp4
A4_LUCIA/DAY1/DAY1_A4_LUCIA_17480000.mp4,DAY1,A4_LUCIA,30.0,30.0,20.0,1408,1408,20391198,271646,previews/DAY1/057.jpg,https://huggingface.co/datasets/lmms-lab/EgoLife/resolve/main/A4_LUCIA/DAY1/DAY1_A4_LUCIA_17480000.mp4
A1_JAKE/DAY1/DAY1_A1_JAKE_17523000.mp4,DAY1,A1_JAKE,30.0,30.0,20.0,1408,1408,20498603,247979,previews/DAY1/058.jpg,https://huggingface.co/datasets/lmms-lab/EgoLife/resolve/main/A1_JAKE/DAY1/DAY1_A1_JAKE_17523000.mp4
A5_KATRINA/DAY1/DAY1_A5_KATRINA_17583000.mp4,DAY1,A5_KATRINA,30.0,30.0,20.0,1408,1408,21010398,235486,previews/DAY1/059.jpg,https://huggingface.co/datasets/lmms-lab/EgoLife/resolve/main/A5_KATRINA/DAY1/DAY1_A5_KATRINA_17583000.mp4
A3_TASHA/DAY1/DAY1_A3_TASHA_17590000.mp4,DAY1,A3_TASHA,30.0,30.04,20.0,1408,1408,19853325,192525,previews/DAY1/060.jpg,https://huggingface.co/datasets/lmms-lab/EgoLife/resolve/main/A3_TASHA/DAY1/DAY1_A3_TASHA_17590000.mp4
A6_SHURE/DAY1/DAY1_A6_SHURE_18083000.mp4,DAY1,A6_SHURE,30.0,30.04,20.0,1408,1408,19420681,218633,previews/DAY1/061.jpg,https://huggingface.co/datasets/lmms-lab/EgoLife/resolve/main/A6_SHURE/DAY1/DAY1_A6_SHURE_18083000.mp4
A2_ALICE/DAY1/DAY1_A2_ALICE_18110000.mp4,DAY1,A2_ALICE,30.0,30.04,20.0,1408,1408,20117565,260157,previews/DAY1/062.jpg,https://huggingface.co/datasets/lmms-lab/EgoLife/resolve/main/A2_ALICE/DAY1/DAY1_A2_ALICE_18110000.mp4
A4_LUCIA/DAY1/DAY1_A4_LUCIA_18113000.mp4,DAY1,A4_LUCIA,30.0,30.0,20.0,1408,1408,20729384,216616,previews/DAY1/063.jpg,https://huggingface.co/datasets/lmms-lab/EgoLife/resolve/main/A4_LUCIA/DAY1/DAY1_A4_LUCIA_18113000.mp4
A1_JAKE/DAY1/DAY1_A1_JAKE_18170000.mp4,DAY1,A1_JAKE,30.0,30.0,20.0,1408,1408,16457014,269622,previews/DAY1/064.jpg,https://huggingface.co/datasets/lmms-lab/EgoLife/resolve/main/A1_JAKE/DAY1/DAY1_A1_JAKE_18170000.mp4
A3_TASHA/DAY1/DAY1_A3_TASHA_18213000.mp4,DAY1,A3_TASHA,30.0,30.0,20.0,1408,1408,18889165,276941,previews/DAY1/065.jpg,https://huggingface.co/datasets/lmms-lab/EgoLife/resolve/main/A3_TASHA/DAY1/DAY1_A3_TASHA_18213000.mp4
A5_KATRINA/DAY1/DAY1_A5_KATRINA_18220000.mp4,DAY1,A5_KATRINA,30.0,30.04,20.0,1408,1408,16227673,236889,previews/DAY1/066.jpg,https://huggingface.co/datasets/lmms-lab/EgoLife/resolve/main/A5_KATRINA/DAY1/DAY1_A5_KATRINA_18220000.mp4
A6_SHURE/DAY1/DAY1_A6_SHURE_18320000.mp4,DAY1,A6_SHURE,30.0,30.0,20.0,1408,1408,13648575,213695,previews/DAY1/067.jpg,https://huggingface.co/datasets/lmms-lab/EgoLife/resolve/main/A6_SHURE/DAY1/DAY1_A6_SHURE_18320000.mp4
A2_ALICE/DAY1/DAY1_A2_ALICE_18343000.mp4,DAY1,A2_ALICE,30.0,30.0,20.0,1408,1408,14909419,163819,previews/DAY1/068.jpg,https://huggingface.co/datasets/lmms-lab/EgoLife/resolve/main/A2_ALICE/DAY1/DAY1_A2_ALICE_18343000.mp4
A4_LUCIA/DAY1/DAY1_A4_LUCIA_18353000.mp4,DAY1,A4_LUCIA,30.0,30.04,20.0,1408,1408,16685203,170131,previews/DAY1/069.jpg,https://huggingface.co/datasets/lmms-lab/EgoLife/resolve/main/A4_LUCIA/DAY1/DAY1_A4_LUCIA_18353000.mp4
A1_JAKE/DAY1/DAY1_A1_JAKE_18413000.mp4,DAY1,A1_JAKE,30.0,30.0,20.0,1408,1408,21850321,288977,previews/DAY1/070.jpg,https://huggingface.co/datasets/lmms-lab/EgoLife/resolve/main/A1_JAKE/DAY1/DAY1_A1_JAKE_18413000.mp4
A3_TASHA/DAY1/DAY1_A3_TASHA_19033000.mp4,DAY1,A3_TASHA,30.0,30.0,20.0,1408,1408,18183641,161241,previews/DAY1/071.jpg,https://huggingface.co/datasets/lmms-lab/EgoLife/resolve/main/A3_TASHA/DAY1/DAY1_A3_TASHA_19033000.mp4
A5_KATRINA/DAY1/DAY1_A5_KATRINA_19050000.mp4,DAY1,A5_KATRINA,30.0,30.0,20.0,1408,1408,21142449,236465,previews/DAY1/072.jpg,https://huggingface.co/datasets/lmms-lab/EgoLife/resolve/main/A5_KATRINA/DAY1/DAY1_A5_KATRINA_19050000.mp4
A2_ALICE/DAY1/DAY1_A2_ALICE_19170000.mp4,DAY1,A2_ALICE,30.0,30.04,20.0,1408,1408,19266726,261286,previews/DAY1/073.jpg,https://huggingface.co/datasets/lmms-lab/EgoLife/resolve/main/A2_ALICE/DAY1/DAY1_A2_ALICE_19170000.mp4
A4_LUCIA/DAY1/DAY1_A4_LUCIA_19180000.mp4,DAY1,A4_LUCIA,30.0,30.0,20.0,1408,1408,22956807,215815,previews/DAY1/074.jpg,https://huggingface.co/datasets/lmms-lab/EgoLife/resolve/main/A4_LUCIA/DAY1/DAY1_A4_LUCIA_19180000.mp4
A1_JAKE/DAY1/DAY1_A1_JAKE_19243000.mp4,DAY1,A1_JAKE,30.0,30.0,20.0,1408,1408,15992113,197937,previews/DAY1/075.jpg,https://huggingface.co/datasets/lmms-lab/EgoLife/resolve/main/A1_JAKE/DAY1/DAY1_A1_JAKE_19243000.mp4
A3_TASHA/DAY1/DAY1_A3_TASHA_19263000.mp4,DAY1,A3_TASHA,30.0,30.0,20.0,1408,1408,14699948,216492,previews/DAY1/076.jpg,https://huggingface.co/datasets/lmms-lab/EgoLife/resolve/main/A3_TASHA/DAY1/DAY1_A3_TASHA_19263000.mp4
A5_KATRINA/DAY1/DAY1_A5_KATRINA_19283000.mp4,DAY1,A5_KATRINA,30.0,30.0,20.0,1408,1408,13496833,258561,previews/DAY1/077.jpg,https://huggingface.co/datasets/lmms-lab/EgoLife/resolve/main/A5_KATRINA/DAY1/DAY1_A5_KATRINA_19283000.mp4
A2_ALICE/DAY1/DAY1_A2_ALICE_19400000.mp4,DAY1,A2_ALICE,30.0,30.0,20.0,1408,1408,21566323,267123,previews/DAY1/078.jpg,https://huggingface.co/datasets/lmms-lab/EgoLife/resolve/main/A2_ALICE/DAY1/DAY1_A2_ALICE_19400000.mp4
A4_LUCIA/DAY1/DAY1_A4_LUCIA_19420000.mp4,DAY1,A4_LUCIA,30.0,30.0,20.0,1408,1408,9224135,245703,previews/DAY1/079.jpg,https://huggingface.co/datasets/lmms-lab/EgoLife/resolve/main/A4_LUCIA/DAY1/DAY1_A4_LUCIA_19420000.mp4
A1_JAKE/DAY1/DAY1_A1_JAKE_19490000.mp4,DAY1,A1_JAKE,30.0,30.0,20.0,1408,1408,15559330,223906,previews/DAY1/080.jpg,https://huggingface.co/datasets/lmms-lab/EgoLife/resolve/main/A1_JAKE/DAY1/DAY1_A1_JAKE_19490000.mp4
A3_TASHA/DAY1/DAY1_A3_TASHA_19490000.mp4,DAY1,A3_TASHA,30.0,30.0,20.0,1408,1408,20603315,221619,previews/DAY1/081.jpg,https://huggingface.co/datasets/lmms-lab/EgoLife/resolve/main/A3_TASHA/DAY1/DAY1_A3_TASHA_19490000.mp4
A5_KATRINA/DAY1/DAY1_A5_KATRINA_19520000.mp4,DAY1,A5_KATRINA,30.0,30.04,20.0,1408,1408,17931296,171040,previews/DAY1/082.jpg,https://huggingface.co/datasets/lmms-lab/EgoLife/resolve/main/A5_KATRINA/DAY1/DAY1_A5_KATRINA_19520000.mp4
A2_ALICE/DAY1/DAY1_A2_ALICE_20033000.mp4,DAY1,A2_ALICE,30.0,30.04,20.0,1408,1408,19044011,235179,previews/DAY1/083.jpg,https://huggingface.co/datasets/lmms-lab/EgoLife/resolve/main/A2_ALICE/DAY1/DAY1_A2_ALICE_20033000.mp4
A4_LUCIA/DAY1/DAY1_A4_LUCIA_20060000.mp4,DAY1,A4_LUCIA,30.0,30.0,20.0,1408,1408,19541674,274090,previews/DAY1/084.jpg,https://huggingface.co/datasets/lmms-lab/EgoLife/resolve/main/A4_LUCIA/DAY1/DAY1_A4_LUCIA_20060000.mp4
A6_SHURE/DAY1/DAY1_A6_SHURE_20103000.mp4,DAY1,A6_SHURE,30.0,30.04,20.0,1408,1408,9553022,181374,previews/DAY1/085.jpg,https://huggingface.co/datasets/lmms-lab/EgoLife/resolve/main/A6_SHURE/DAY1/DAY1_A6_SHURE_20103000.mp4
A3_TASHA/DAY1/DAY1_A3_TASHA_20113000.mp4,DAY1,A3_TASHA,30.0,30.0,20.0,1408,1408,20672157,224925,previews/DAY1/086.jpg,https://huggingface.co/datasets/lmms-lab/EgoLife/resolve/main/A3_TASHA/DAY1/DAY1_A3_TASHA_20113000.mp4
A1_JAKE/DAY1/DAY1_A1_JAKE_20133000.mp4,DAY1,A1_JAKE,30.0,30.0,20.0,1408,1408,20317703,263687,previews/DAY1/087.jpg,https://huggingface.co/datasets/lmms-lab/EgoLife/resolve/main/A1_JAKE/DAY1/DAY1_A1_JAKE_20133000.mp4
A5_KATRINA/DAY1/DAY1_A5_KATRINA_20160000.mp4,DAY1,A5_KATRINA,30.0,30.0,20.0,1408,1408,14911733,231669,previews/DAY1/088.jpg,https://huggingface.co/datasets/lmms-lab/EgoLife/resolve/main/A5_KATRINA/DAY1/DAY1_A5_KATRINA_20160000.mp4
A2_ALICE/DAY1/DAY1_A2_ALICE_20270000.mp4,DAY1,A2_ALICE,30.0,30.0,20.0,1408,1408,19461470,259422,previews/DAY1/089.jpg,https://huggingface.co/datasets/lmms-lab/EgoLife/resolve/main/A2_ALICE/DAY1/DAY1_A2_ALICE_20270000.mp4
A3_TASHA/DAY1/DAY1_A3_TASHA_20343000.mp4,DAY1,A3_TASHA,30.0,30.0,20.0,1408,1408,16975870,264190,previews/DAY1/090.jpg,https://huggingface.co/datasets/lmms-lab/EgoLife/resolve/main/A3_TASHA/DAY1/DAY1_A3_TASHA_20343000.mp4
A5_KATRINA/DAY1/DAY1_A5_KATRINA_20393000.mp4,DAY1,A5_KATRINA,30.0,30.0,20.0,1408,1408,14654771,236851,previews/DAY1/091.jpg,https://huggingface.co/datasets/lmms-lab/EgoLife/resolve/main/A5_KATRINA/DAY1/DAY1_A5_KATRINA_20393000.mp4
A1_JAKE/DAY1/DAY1_A1_JAKE_20430000.mp4,DAY1,A1_JAKE,30.0,30.04,20.0,1408,1408,18045600,154272,previews/DAY1/092.jpg,https://huggingface.co/datasets/lmms-lab/EgoLife/resolve/main/A1_JAKE/DAY1/DAY1_A1_JAKE_20430000.mp4
A6_SHURE/DAY1/DAY1_A6_SHURE_21110000.mp4,DAY1,A6_SHURE,30.0,30.0,20.0,1408,1408,24987216,214608,previews/DAY1/093.jpg,https://huggingface.co/datasets/lmms-lab/EgoLife/resolve/main/A6_SHURE/DAY1/DAY1_A6_SHURE_21110000.mp4
A4_LUCIA/DAY1/DAY1_A4_LUCIA_21270000.mp4,DAY1,A4_LUCIA,30.0,30.0,20.0,1408,1408,19579098,180442,previews/DAY1/094.jpg,https://huggingface.co/datasets/lmms-lab/EgoLife/resolve/main/A4_LUCIA/DAY1/DAY1_A4_LUCIA_21270000.mp4
A6_SHURE/DAY1/DAY1_A6_SHURE_21343000.mp4,DAY1,A6_SHURE,30.0,30.0,20.0,1408,1408,18848219,235995,previews/DAY1/095.jpg,https://huggingface.co/datasets/lmms-lab/EgoLife/resolve/main/A6_SHURE/DAY1/DAY1_A6_SHURE_21343000.mp4
A4_LUCIA/DAY1/DAY1_A4_LUCIA_21510000.mp4,DAY1,A4_LUCIA,30.0,30.04,20.0,1408,1408,14449417,162569,previews/DAY1/096.jpg,https://huggingface.co/datasets/lmms-lab/EgoLife/resolve/main/A4_LUCIA/DAY1/DAY1_A4_LUCIA_21510000.mp4
A2_ALICE/DAY1/DAY1_A2_ALICE_21513000.mp4,DAY1,A2_ALICE,30.0,30.04,20.0,1408,1408,14851985,171921,previews/DAY1/097.jpg,https://huggingface.co/datasets/lmms-lab/EgoLife/resolve/main/A2_ALICE/DAY1/DAY1_A2_ALICE_21513000.mp4
A5_KATRINA/DAY1/DAY1_A5_KATRINA_21513000.mp4,DAY1,A5_KATRINA,30.0,30.0,20.0,1408,1408,18064438,238646,previews/DAY1/098.jpg,https://huggingface.co/datasets/lmms-lab/EgoLife/resolve/main/A5_KATRINA/DAY1/DAY1_A5_KATRINA_21513000.mp4
A1_JAKE/DAY1/DAY1_A1_JAKE_21533000.mp4,DAY1,A1_JAKE,30.0,30.0,20.0,1408,1408,10379277,221197,previews/DAY1/099.jpg,https://huggingface.co/datasets/lmms-lab/EgoLife/resolve/main/A1_JAKE/DAY1/DAY1_A1_JAKE_21533000.mp4
A6_SHURE/DAY1/DAY1_A6_SHURE_21580000.mp4,DAY1,A6_SHURE,30.0,30.0,20.0,1408,1408,15551983,151023,previews/DAY1/100.jpg,https://huggingface.co/datasets/lmms-lab/EgoLife/resolve/main/A6_SHURE/DAY1/DAY1_A6_SHURE_21580000.mp4
A5_KATRINA/DAY2/DAY2_A5_KATRINA_10493000.mp4,DAY2,A5_KATRINA,30.0,30.0,20.0,1408,1408,16185826,195042,previews/DAY2/001.jpg,https://huggingface.co/datasets/lmms-lab/EgoLife/resolve/main/A5_KATRINA/DAY2/DAY2_A5_KATRINA_10493000.mp4
A3_TASHA/DAY2/DAY2_A3_TASHA_10533000.mp4,DAY2,A3_TASHA,30.0,30.04,20.0,1408,1408,14296146,271442,previews/DAY2/002.jpg,https://huggingface.co/datasets/lmms-lab/EgoLife/resolve/main/A3_TASHA/DAY2/DAY2_A3_TASHA_10533000.mp4
A2_ALICE/DAY2/DAY2_A2_ALICE_10560000.mp4,DAY2,A2_ALICE,30.0,30.04,20.0,1408,1408,15001503,190367,previews/DAY2/003.jpg,https://huggingface.co/datasets/lmms-lab/EgoLife/resolve/main/A2_ALICE/DAY2/DAY2_A2_ALICE_10560000.mp4
A4_LUCIA/DAY2/DAY2_A4_LUCIA_10563000.mp4,DAY2,A4_LUCIA,30.0,30.04,20.0,1408,1408,15017977,206841,previews/DAY2/004.jpg,https://huggingface.co/datasets/lmms-lab/EgoLife/resolve/main/A4_LUCIA/DAY2/DAY2_A4_LUCIA_10563000.mp4
A1_JAKE/DAY2/DAY2_A1_JAKE_10570000.mp4,DAY2,A1_JAKE,30.0,30.04,20.0,1408,1408,14320573,230333,previews/DAY2/005.jpg,https://huggingface.co/datasets/lmms-lab/EgoLife/resolve/main/A1_JAKE/DAY2/DAY2_A1_JAKE_10570000.mp4
A5_KATRINA/DAY2/DAY2_A5_KATRINA_11100000.mp4,DAY2,A5_KATRINA,30.0,30.0,20.0,1408,1408,10885050,202682,previews/DAY2/006.jpg,https://huggingface.co/datasets/lmms-lab/EgoLife/resolve/main/A5_KATRINA/DAY2/DAY2_A5_KATRINA_11100000.mp4
A3_TASHA/DAY2/DAY2_A3_TASHA_11143000.mp4,DAY2,A3_TASHA,30.0,30.04,20.0,1408,1408,16594894,210894,previews/DAY2/007.jpg,https://huggingface.co/datasets/lmms-lab/EgoLife/resolve/main/A3_TASHA/DAY2/DAY2_A3_TASHA_11143000.mp4
A4_LUCIA/DAY2/DAY2_A4_LUCIA_11183000.mp4,DAY2,A4_LUCIA,30.0,30.04,20.0,1408,1408,17577116,210076,previews/DAY2/008.jpg,https://huggingface.co/datasets/lmms-lab/EgoLife/resolve/main/A4_LUCIA/DAY2/DAY2_A4_LUCIA_11183000.mp4
A2_ALICE/DAY2/DAY2_A2_ALICE_11213000.mp4,DAY2,A2_ALICE,30.0,30.0,20.0,1408,1408,15256728,183448,previews/DAY2/009.jpg,https://huggingface.co/datasets/lmms-lab/EgoLife/resolve/main/A2_ALICE/DAY2/DAY2_A2_ALICE_11213000.mp4
A1_JAKE/DAY2/DAY2_A1_JAKE_11240000.mp4,DAY2,A1_JAKE,30.0,30.04,20.0,1408,1408,14280306,190066,previews/DAY2/010.jpg,https://huggingface.co/datasets/lmms-lab/EgoLife/resolve/main/A1_JAKE/DAY2/DAY2_A1_JAKE_11240000.mp4
A5_KATRINA/DAY2/DAY2_A5_KATRINA_11303000.mp4,DAY2,A5_KATRINA,30.0,30.0,20.0,1408,1408,16156625,231377,previews/DAY2/011.jpg,https://huggingface.co/datasets/lmms-lab/EgoLife/resolve/main/A5_KATRINA/DAY2/DAY2_A5_KATRINA_11303000.mp4
A3_TASHA/DAY2/DAY2_A3_TASHA_11353000.mp4,DAY2,A3_TASHA,30.0,30.0,20.0,1408,1408,12581351,195047,previews/DAY2/012.jpg,https://huggingface.co/datasets/lmms-lab/EgoLife/resolve/main/A3_TASHA/DAY2/DAY2_A3_TASHA_11353000.mp4
A2_ALICE/DAY2/DAY2_A2_ALICE_11470000.mp4,DAY2,A2_ALICE,30.0,30.04,20.0,1408,1408,12990235,210715,previews/DAY2/013.jpg,https://huggingface.co/datasets/lmms-lab/EgoLife/resolve/main/A2_ALICE/DAY2/DAY2_A2_ALICE_11470000.mp4
A1_JAKE/DAY2/DAY2_A1_JAKE_11503000.mp4,DAY2,A1_JAKE,30.0,30.04,20.0,1408,1408,13976083,213523,previews/DAY2/014.jpg,https://huggingface.co/datasets/lmms-lab/EgoLife/resolve/main/A1_JAKE/DAY2/DAY2_A1_JAKE_11503000.mp4
A5_KATRINA/DAY2/DAY2_A5_KATRINA_11513000.mp4,DAY2,A5_KATRINA,30.0,30.0,20.0,1408,1408,15868967,271399,previews/DAY2/015.jpg,https://huggingface.co/datasets/lmms-lab/EgoLife/resolve/main/A5_KATRINA/DAY2/DAY2_A5_KATRINA_11513000.mp4
A3_TASHA/DAY2/DAY2_A3_TASHA_11563000.mp4,DAY2,A3_TASHA,30.0,30.0,20.0,1408,1408,11265829,255781,previews/DAY2/016.jpg,https://huggingface.co/datasets/lmms-lab/EgoLife/resolve/main/A3_TASHA/DAY2/DAY2_A3_TASHA_11563000.mp4
A4_LUCIA/DAY2/DAY2_A4_LUCIA_12000000.mp4,DAY2,A4_LUCIA,30.0,30.0,20.0,1408,1408,13688656,188240,previews/DAY2/017.jpg,https://huggingface.co/datasets/lmms-lab/EgoLife/resolve/main/A4_LUCIA/DAY2/DAY2_A4_LUCIA_12000000.mp4
A2_ALICE/DAY2/DAY2_A2_ALICE_12443000.mp4,DAY2,A2_ALICE,30.0,30.04,20.0,1408,1408,7107738,160922,previews/DAY2/018.jpg,https://huggingface.co/datasets/lmms-lab/EgoLife/resolve/main/A2_ALICE/DAY2/DAY2_A2_ALICE_12443000.mp4
A4_LUCIA/DAY2/DAY2_A4_LUCIA_12470000.mp4,DAY2,A4_LUCIA,30.0,30.0,20.0,1408,1408,8118293,188437,previews/DAY2/019.jpg,https://huggingface.co/datasets/lmms-lab/EgoLife/resolve/main/A4_LUCIA/DAY2/DAY2_A4_LUCIA_12470000.mp4
A1_JAKE/DAY2/DAY2_A1_JAKE_12500000.mp4,DAY2,A1_JAKE,30.0,30.0,20.0,1408,1408,14528455,176071,previews/DAY2/020.jpg,https://huggingface.co/datasets/lmms-lab/EgoLife/resolve/main/A1_JAKE/DAY2/DAY2_A1_JAKE_12500000.mp4
A3_TASHA/DAY2/DAY2_A3_TASHA_12500000.mp4,DAY2,A3_TASHA,30.0,30.0,20.0,1408,1408,16012571,152859,previews/DAY2/021.jpg,https://huggingface.co/datasets/lmms-lab/EgoLife/resolve/main/A3_TASHA/DAY2/DAY2_A3_TASHA_12500000.mp4
A4_LUCIA/DAY2/DAY2_A4_LUCIA_13090000.mp4,DAY2,A4_LUCIA,30.0,30.0,20.0,1408,1408,12001572,205092,previews/DAY2/022.jpg,https://huggingface.co/datasets/lmms-lab/EgoLife/resolve/main/A4_LUCIA/DAY2/DAY2_A4_LUCIA_13090000.mp4
A2_ALICE/DAY2/DAY2_A2_ALICE_13100000.mp4,DAY2,A2_ALICE,30.0,30.0,20.0,1408,1408,7103252,156436,previews/DAY2/023.jpg,https://huggingface.co/datasets/lmms-lab/EgoLife/resolve/main/A2_ALICE/DAY2/DAY2_A2_ALICE_13100000.mp4
A3_TASHA/DAY2/DAY2_A3_TASHA_13110000.mp4,DAY2,A3_TASHA,30.0,30.04,20.0,1408,1408,8795041,209825,previews/DAY2/024.jpg,https://huggingface.co/datasets/lmms-lab/EgoLife/resolve/main/A3_TASHA/DAY2/DAY2_A3_TASHA_13110000.mp4
A1_JAKE/DAY2/DAY2_A1_JAKE_13170000.mp4,DAY2,A1_JAKE,30.0,30.0,20.0,1408,1408,17635026,267986,previews/DAY2/025.jpg,https://huggingface.co/datasets/lmms-lab/EgoLife/resolve/main/A1_JAKE/DAY2/DAY2_A1_JAKE_13170000.mp4
A5_KATRINA/DAY2/DAY2_A5_KATRINA_13281916.mp4,DAY2,A5_KATRINA,10.2,10.2,20.0,1408,1408,5220594,174322,previews/DAY2/026.jpg,https://huggingface.co/datasets/lmms-lab/EgoLife/resolve/main/A5_KATRINA/DAY2/DAY2_A5_KATRINA_13281916.mp4
A1_JAKE/DAY2/DAY2_A1_JAKE_13433000.mp4,DAY2,A1_JAKE,30.0,30.0,20.0,1408,1408,17334292,229396,previews/DAY2/027.jpg,https://huggingface.co/datasets/lmms-lab/EgoLife/resolve/main/A1_JAKE/DAY2/DAY2_A1_JAKE_13433000.mp4
A5_KATRINA/DAY2/DAY2_A5_KATRINA_13483000.mp4,DAY2,A5_KATRINA,30.0,30.0,20.0,1408,1408,14099280,205648,previews/DAY2/028.jpg,https://huggingface.co/datasets/lmms-lab/EgoLife/resolve/main/A5_KATRINA/DAY2/DAY2_A5_KATRINA_13483000.mp4
A5_KATRINA/DAY2/DAY2_A5_KATRINA_15330000.mp4,DAY2,A5_KATRINA,30.0,30.0,20.0,1408,1408,10436185,212569,previews/DAY2/029.jpg,https://huggingface.co/datasets/lmms-lab/EgoLife/resolve/main/A5_KATRINA/DAY2/DAY2_A5_KATRINA_15330000.mp4
A6_SHURE/DAY2/DAY2_A6_SHURE_15340000.mp4,DAY2,A6_SHURE,30.0,30.0,20.0,1408,1408,15616075,215115,previews/DAY2/030.jpg,https://huggingface.co/datasets/lmms-lab/EgoLife/resolve/main/A6_SHURE/DAY2/DAY2_A6_SHURE_15340000.mp4
A2_ALICE/DAY2/DAY2_A2_ALICE_15470000.mp4,DAY2,A2_ALICE,30.0,30.0,20.0,1408,1408,14121523,162355,previews/DAY2/031.jpg,https://huggingface.co/datasets/lmms-lab/EgoLife/resolve/main/A2_ALICE/DAY2/DAY2_A2_ALICE_15470000.mp4
A6_SHURE/DAY2/DAY2_A6_SHURE_15510000.mp4,DAY2,A6_SHURE,30.0,30.04,20.0,1408,1408,14000221,172125,previews/DAY2/032.jpg,https://huggingface.co/datasets/lmms-lab/EgoLife/resolve/main/A6_SHURE/DAY2/DAY2_A6_SHURE_15510000.mp4
A4_LUCIA/DAY2/DAY2_A4_LUCIA_15533000.mp4,DAY2,A4_LUCIA,30.0,30.0,20.0,1408,1408,11743285,208949,previews/DAY2/033.jpg,https://huggingface.co/datasets/lmms-lab/EgoLife/resolve/main/A4_LUCIA/DAY2/DAY2_A4_LUCIA_15533000.mp4
A5_KATRINA/DAY2/DAY2_A5_KATRINA_15533000.mp4,DAY2,A5_KATRINA,30.0,30.0,20.0,1408,1408,10388861,165245,previews/DAY2/034.jpg,https://huggingface.co/datasets/lmms-lab/EgoLife/resolve/main/A5_KATRINA/DAY2/DAY2_A5_KATRINA_15533000.mp4
A1_JAKE/DAY2/DAY2_A1_JAKE_16010000.mp4,DAY2,A1_JAKE,30.0,30.0,20.0,1408,1408,14689767,206311,previews/DAY2/035.jpg,https://huggingface.co/datasets/lmms-lab/EgoLife/resolve/main/A1_JAKE/DAY2/DAY2_A1_JAKE_16010000.mp4
A6_SHURE/DAY2/DAY2_A6_SHURE_16080000.mp4,DAY2,A6_SHURE,30.0,30.04,20.0,1408,1408,18048565,157237,previews/DAY2/036.jpg,https://huggingface.co/datasets/lmms-lab/EgoLife/resolve/main/A6_SHURE/DAY2/DAY2_A6_SHURE_16080000.mp4
A2_ALICE/DAY2/DAY2_A2_ALICE_16123000.mp4,DAY2,A2_ALICE,30.0,30.04,20.0,1408,1408,15350853,277573,previews/DAY2/037.jpg,https://huggingface.co/datasets/lmms-lab/EgoLife/resolve/main/A2_ALICE/DAY2/DAY2_A2_ALICE_16123000.mp4
A3_TASHA/DAY2/DAY2_A3_TASHA_16130000.mp4,DAY2,A3_TASHA,30.0,30.04,20.0,1408,1408,14216318,191614,previews/DAY2/038.jpg,https://huggingface.co/datasets/lmms-lab/EgoLife/resolve/main/A3_TASHA/DAY2/DAY2_A3_TASHA_16130000.mp4
A5_KATRINA/DAY2/DAY2_A5_KATRINA_16143000.mp4,DAY2,A5_KATRINA,30.0,30.04,20.0,1408,1408,13340291,233091,previews/DAY2/039.jpg,https://huggingface.co/datasets/lmms-lab/EgoLife/resolve/main/A5_KATRINA/DAY2/DAY2_A5_KATRINA_16143000.mp4
A4_LUCIA/DAY2/DAY2_A4_LUCIA_16153000.mp4,DAY2,A4_LUCIA,30.0,30.04,20.0,1408,1408,15359137,154785,previews/DAY2/040.jpg,https://huggingface.co/datasets/lmms-lab/EgoLife/resolve/main/A4_LUCIA/DAY2/DAY2_A4_LUCIA_16153000.mp4
A6_SHURE/DAY2/DAY2_A6_SHURE_16250000.mp4,DAY2,A6_SHURE,30.0,30.04,20.0,1408,1408,11759774,159902,previews/DAY2/041.jpg,https://huggingface.co/datasets/lmms-lab/EgoLife/resolve/main/A6_SHURE/DAY2/DAY2_A6_SHURE_16250000.mp4
A1_JAKE/DAY2/DAY2_A1_JAKE_16280000.mp4,DAY2,A1_JAKE,30.0,30.0,20.0,1408,1408,15970518,176342,previews/DAY2/042.jpg,https://huggingface.co/datasets/lmms-lab/EgoLife/resolve/main/A1_JAKE/DAY2/DAY2_A1_JAKE_16280000.mp4
A3_TASHA/DAY2/DAY2_A3_TASHA_16340000.mp4,DAY2,A3_TASHA,30.0,30.0,20.0,1408,1408,13512947,274675,previews/DAY2/043.jpg,https://huggingface.co/datasets/lmms-lab/EgoLife/resolve/main/A3_TASHA/DAY2/DAY2_A3_TASHA_16340000.mp4
A5_KATRINA/DAY2/DAY2_A5_KATRINA_16350000.mp4,DAY2,A5_KATRINA,30.0,30.0,20.0,1408,1408,14606179,253795,previews/DAY2/044.jpg,https://huggingface.co/datasets/lmms-lab/EgoLife/resolve/main/A5_KATRINA/DAY2/DAY2_A5_KATRINA_16350000.mp4
A4_LUCIA/DAY2/DAY2_A4_LUCIA_16370000.mp4,DAY2,A4_LUCIA,30.0,30.0,20.0,1408,1408,13766978,266562,previews/DAY2/045.jpg,https://huggingface.co/datasets/lmms-lab/EgoLife/resolve/main/A4_LUCIA/DAY2/DAY2_A4_LUCIA_16370000.mp4
A2_ALICE/DAY2/DAY2_A2_ALICE_16380000.mp4,DAY2,A2_ALICE,30.0,30.04,20.0,1408,1408,14870484,190420,previews/DAY2/046.jpg,https://huggingface.co/datasets/lmms-lab/EgoLife/resolve/main/A2_ALICE/DAY2/DAY2_A2_ALICE_16380000.mp4
A6_SHURE/DAY2/DAY2_A6_SHURE_16423000.mp4,DAY2,A6_SHURE,30.0,30.04,20.0,1408,1408,14897352,217288,previews/DAY2/047.jpg,https://huggingface.co/datasets/lmms-lab/EgoLife/resolve/main/A6_SHURE/DAY2/DAY2_A6_SHURE_16423000.mp4
A1_JAKE/DAY2/DAY2_A1_JAKE_16543000.mp4,DAY2,A1_JAKE,30.0,30.0,20.0,1408,1408,18140594,249266,previews/DAY2/048.jpg,https://huggingface.co/datasets/lmms-lab/EgoLife/resolve/main/A1_JAKE/DAY2/DAY2_A1_JAKE_16543000.mp4
A3_TASHA/DAY2/DAY2_A3_TASHA_16550000.mp4,DAY2,A3_TASHA,30.0,30.04,20.0,1408,1408,14516681,164297,previews/DAY2/049.jpg,https://huggingface.co/datasets/lmms-lab/EgoLife/resolve/main/A3_TASHA/DAY2/DAY2_A3_TASHA_16550000.mp4
A6_SHURE/DAY2/DAY2_A6_SHURE_16593000.mp4,DAY2,A6_SHURE,30.0,30.0,20.0,1408,1408,16774677,194069,previews/DAY2/050.jpg,https://huggingface.co/datasets/lmms-lab/EgoLife/resolve/main/A6_SHURE/DAY2/DAY2_A6_SHURE_16593000.mp4
A2_ALICE/DAY2/DAY2_A2_ALICE_17033000.mp4,DAY2,A2_ALICE,30.0,30.04,20.0,1408,1408,14689116,205660,previews/DAY2/051.jpg,https://huggingface.co/datasets/lmms-lab/EgoLife/resolve/main/A2_ALICE/DAY2/DAY2_A2_ALICE_17033000.mp4
A4_LUCIA/DAY2/DAY2_A4_LUCIA_17151704.mp4,DAY2,A4_LUCIA,12.8,12.8,20.0,1408,1408,6145758,247518,previews/DAY2/052.jpg,https://huggingface.co/datasets/lmms-lab/EgoLife/resolve/main/A4_LUCIA/DAY2/DAY2_A4_LUCIA_17151704.mp4
A3_TASHA/DAY2/DAY2_A3_TASHA_17153000.mp4,DAY2,A3_TASHA,30.0,30.04,20.0,1408,1408,14629864,211944,previews/DAY2/053.jpg,https://huggingface.co/datasets/lmms-lab/EgoLife/resolve/main/A3_TASHA/DAY2/DAY2_A3_TASHA_17153000.mp4
A6_SHURE/DAY2/DAY2_A6_SHURE_17163000.mp4,DAY2,A6_SHURE,30.0,30.0,20.0,1408,1408,14080932,252836,previews/DAY2/054.jpg,https://huggingface.co/datasets/lmms-lab/EgoLife/resolve/main/A6_SHURE/DAY2/DAY2_A6_SHURE_17163000.mp4
A1_JAKE/DAY2/DAY2_A1_JAKE_17213000.mp4,DAY2,A1_JAKE,30.0,30.04,20.0,1408,1408,15805545,207977,previews/DAY2/055.jpg,https://huggingface.co/datasets/lmms-lab/EgoLife/resolve/main/A1_JAKE/DAY2/DAY2_A1_JAKE_17213000.mp4
A2_ALICE/DAY2/DAY2_A2_ALICE_17283000.mp4,DAY2,A2_ALICE,30.0,30.0,20.0,1408,1408,14846715,232187,previews/DAY2/056.jpg,https://huggingface.co/datasets/lmms-lab/EgoLife/resolve/main/A2_ALICE/DAY2/DAY2_A2_ALICE_17283000.mp4
A5_KATRINA/DAY2/DAY2_A5_KATRINA_17290000.mp4,DAY2,A5_KATRINA,30.0,30.04,20.0,1408,1408,13046999,267479,previews/DAY2/057.jpg,https://huggingface.co/datasets/lmms-lab/EgoLife/resolve/main/A5_KATRINA/DAY2/DAY2_A5_KATRINA_17290000.mp4
A6_SHURE/DAY2/DAY2_A6_SHURE_17333000.mp4,DAY2,A6_SHURE,30.0,30.0,20.0,1408,1408,18536687,252143,previews/DAY2/058.jpg,https://huggingface.co/datasets/lmms-lab/EgoLife/resolve/main/A6_SHURE/DAY2/DAY2_A6_SHURE_17333000.mp4
A4_LUCIA/DAY2/DAY2_A4_LUCIA_17363000.mp4,DAY2,A4_LUCIA,30.0,30.04,20.0,1408,1408,14907455,161855,previews/DAY2/059.jpg,https://huggingface.co/datasets/lmms-lab/EgoLife/resolve/main/A4_LUCIA/DAY2/DAY2_A4_LUCIA_17363000.mp4
A3_TASHA/DAY2/DAY2_A3_TASHA_17453000.mp4,DAY2,A3_TASHA,30.0,30.0,20.0,1408,1408,14182201,223033,previews/DAY2/060.jpg,https://huggingface.co/datasets/lmms-lab/EgoLife/resolve/main/A3_TASHA/DAY2/DAY2_A3_TASHA_17453000.mp4
A1_JAKE/DAY2/DAY2_A1_JAKE_17480000.mp4,DAY2,A1_JAKE,30.0,30.0,20.0,1408,1408,17159552,185728,previews/DAY2/061.jpg,https://huggingface.co/datasets/lmms-lab/EgoLife/resolve/main/A1_JAKE/DAY2/DAY2_A1_JAKE_17480000.mp4
A5_KATRINA/DAY2/DAY2_A5_KATRINA_17493000.mp4,DAY2,A5_KATRINA,30.0,30.0,20.0,1408,1408,14984785,239185,previews/DAY2/062.jpg,https://huggingface.co/datasets/lmms-lab/EgoLife/resolve/main/A5_KATRINA/DAY2/DAY2_A5_KATRINA_17493000.mp4
A6_SHURE/DAY2/DAY2_A6_SHURE_17510000.mp4,DAY2,A6_SHURE,30.0,30.0,20.0,1408,1408,17440599,204631,previews/DAY2/063.jpg,https://huggingface.co/datasets/lmms-lab/EgoLife/resolve/main/A6_SHURE/DAY2/DAY2_A6_SHURE_17510000.mp4
A2_ALICE/DAY2/DAY2_A2_ALICE_17540000.mp4,DAY2,A2_ALICE,30.0,30.0,20.0,1408,1408,8817275,166523,previews/DAY2/064.jpg,https://huggingface.co/datasets/lmms-lab/EgoLife/resolve/main/A2_ALICE/DAY2/DAY2_A2_ALICE_17540000.mp4
A4_LUCIA/DAY2/DAY2_A4_LUCIA_17580000.mp4,DAY2,A4_LUCIA,30.0,30.0,20.0,1408,1408,15009659,198523,previews/DAY2/065.jpg,https://huggingface.co/datasets/lmms-lab/EgoLife/resolve/main/A4_LUCIA/DAY2/DAY2_A4_LUCIA_17580000.mp4
A3_TASHA/DAY2/DAY2_A3_TASHA_18063000.mp4,DAY2,A3_TASHA,30.0,30.0,20.0,1408,1408,20691563,244331,previews/DAY2/066.jpg,https://huggingface.co/datasets/lmms-lab/EgoLife/resolve/main/A3_TASHA/DAY2/DAY2_A3_TASHA_18063000.mp4
A6_SHURE/DAY2/DAY2_A6_SHURE_18080000.mp4,DAY2,A6_SHURE,30.0,30.04,20.0,1408,1408,17564174,262670,previews/DAY2/067.jpg,https://huggingface.co/datasets/lmms-lab/EgoLife/resolve/main/A6_SHURE/DAY2/DAY2_A6_SHURE_18080000.mp4
A5_KATRINA/DAY2/DAY2_A5_KATRINA_18100000.mp4,DAY2,A5_KATRINA,30.0,30.04,20.0,1408,1408,16484371,231443,previews/DAY2/068.jpg,https://huggingface.co/datasets/lmms-lab/EgoLife/resolve/main/A5_KATRINA/DAY2/DAY2_A5_KATRINA_18100000.mp4
A1_JAKE/DAY2/DAY2_A1_JAKE_18143000.mp4,DAY2,A1_JAKE,30.0,30.0,20.0,1408,1408,18547823,197743,previews/DAY2/069.jpg,https://huggingface.co/datasets/lmms-lab/EgoLife/resolve/main/A1_JAKE/DAY2/DAY2_A1_JAKE_18143000.mp4
A2_ALICE/DAY2/DAY2_A2_ALICE_18193000.mp4,DAY2,A2_ALICE,30.0,30.0,20.0,1408,1408,15114292,237620,previews/DAY2/070.jpg,https://huggingface.co/datasets/lmms-lab/EgoLife/resolve/main/A2_ALICE/DAY2/DAY2_A2_ALICE_18193000.mp4
A4_LUCIA/DAY2/DAY2_A4_LUCIA_18200000.mp4,DAY2,A4_LUCIA,30.0,30.0,20.0,1408,1408,17850037,220853,previews/DAY2/071.jpg,https://huggingface.co/datasets/lmms-lab/EgoLife/resolve/main/A4_LUCIA/DAY2/DAY2_A4_LUCIA_18200000.mp4
A6_SHURE/DAY2/DAY2_A6_SHURE_18250000.mp4,DAY2,A6_SHURE,30.0,30.04,20.0,1408,1408,17052240,209488,previews/DAY2/072.jpg,https://huggingface.co/datasets/lmms-lab/EgoLife/resolve/main/A6_SHURE/DAY2/DAY2_A6_SHURE_18250000.mp4
A3_TASHA/DAY2/DAY2_A3_TASHA_18273000.mp4,DAY2,A3_TASHA,30.0,30.04,20.0,1408,1408,15300987,162171,previews/DAY2/073.jpg,https://huggingface.co/datasets/lmms-lab/EgoLife/resolve/main/A3_TASHA/DAY2/DAY2_A3_TASHA_18273000.mp4
A1_JAKE/DAY2/DAY2_A1_JAKE_20593000.mp4,DAY2,A1_JAKE,30.0,30.04,20.0,1408,1408,19191480,251576,previews/DAY2/074.jpg,https://huggingface.co/datasets/lmms-lab/EgoLife/resolve/main/A1_JAKE/DAY2/DAY2_A1_JAKE_20593000.mp4
A6_SHURE/DAY2/DAY2_A6_SHURE_21023000.mp4,DAY2,A6_SHURE,30.0,30.04,20.0,1408,1408,17066671,158383,previews/DAY2/075.jpg,https://huggingface.co/datasets/lmms-lab/EgoLife/resolve/main/A6_SHURE/DAY2/DAY2_A6_SHURE_21023000.mp4
A2_ALICE/DAY2/DAY2_A2_ALICE_21030000.mp4,DAY2,A2_ALICE,30.0,30.04,20.0,1408,1408,19195548,190108,previews/DAY2/076.jpg,https://huggingface.co/datasets/lmms-lab/EgoLife/resolve/main/A2_ALICE/DAY2/DAY2_A2_ALICE_21030000.mp4
A3_TASHA/DAY2/DAY2_A3_TASHA_21073000.mp4,DAY2,A3_TASHA,30.0,30.0,20.0,1408,1408,21076567,236119,previews/DAY2/077.jpg,https://huggingface.co/datasets/lmms-lab/EgoLife/resolve/main/A3_TASHA/DAY2/DAY2_A3_TASHA_21073000.mp4
A4_LUCIA/DAY2/DAY2_A4_LUCIA_21120000.mp4,DAY2,A4_LUCIA,30.0,30.0,20.0,1408,1408,20051141,259269,previews/DAY2/078.jpg,https://huggingface.co/datasets/lmms-lab/EgoLife/resolve/main/A4_LUCIA/DAY2/DAY2_A4_LUCIA_21120000.mp4
A5_KATRINA/DAY2/DAY2_A5_KATRINA_21130000.mp4,DAY2,A5_KATRINA,30.0,30.0,20.0,1408,1408,15890470,227366,previews/DAY2/079.jpg,https://huggingface.co/datasets/lmms-lab/EgoLife/resolve/main/A5_KATRINA/DAY2/DAY2_A5_KATRINA_21130000.mp4
A6_SHURE/DAY2/DAY2_A6_SHURE_21200000.mp4,DAY2,A6_SHURE,30.0,30.0,20.0,1408,1408,20959072,184160,previews/DAY2/080.jpg,https://huggingface.co/datasets/lmms-lab/EgoLife/resolve/main/A6_SHURE/DAY2/DAY2_A6_SHURE_21200000.mp4
A1_JAKE/DAY2/DAY2_A1_JAKE_21260000.mp4,DAY2,A1_JAKE,30.0,30.0,20.0,1408,1408,13874483,242995,previews/DAY2/081.jpg,https://huggingface.co/datasets/lmms-lab/EgoLife/resolve/main/A1_JAKE/DAY2/DAY2_A1_JAKE_21260000.mp4
A2_ALICE/DAY2/DAY2_A2_ALICE_21283000.mp4,DAY2,A2_ALICE,30.0,30.0,20.0,1408,1408,21403820,235692,previews/DAY2/082.jpg,https://huggingface.co/datasets/lmms-lab/EgoLife/resolve/main/A2_ALICE/DAY2/DAY2_A2_ALICE_21283000.mp4
A3_TASHA/DAY2/DAY2_A3_TASHA_21283000.mp4,DAY2,A3_TASHA,30.0,30.0,20.0,1408,1408,14000289,172193,previews/DAY2/083.jpg,https://huggingface.co/datasets/lmms-lab/EgoLife/resolve/main/A3_TASHA/DAY2/DAY2_A3_TASHA_21283000.mp4
A4_LUCIA/DAY2/DAY2_A4_LUCIA_21340000.mp4,DAY2,A4_LUCIA,30.0,30.0,20.0,1408,1408,15213005,205261,previews/DAY2/084.jpg,https://huggingface.co/datasets/lmms-lab/EgoLife/resolve/main/A4_LUCIA/DAY2/DAY2_A4_LUCIA_21340000.mp4
A5_KATRINA/DAY2/DAY2_A5_KATRINA_21340000.mp4,DAY2,A5_KATRINA,30.0,30.0,20.0,1408,1408,16656953,207417,previews/DAY2/085.jpg,https://huggingface.co/datasets/lmms-lab/EgoLife/resolve/main/A5_KATRINA/DAY2/DAY2_A5_KATRINA_21340000.mp4
A3_TASHA/DAY2/DAY2_A3_TASHA_21493000.mp4,DAY2,A3_TASHA,30.0,30.0,20.0,1408,1408,13269004,227340,previews/DAY2/086.jpg,https://huggingface.co/datasets/lmms-lab/EgoLife/resolve/main/A3_TASHA/DAY2/DAY2_A3_TASHA_21493000.mp4
A6_SHURE/DAY2/DAY2_A6_SHURE_21503000.mp4,DAY2,A6_SHURE,30.0,30.04,20.0,1408,1408,13979207,151111,previews/DAY2/087.jpg,https://huggingface.co/datasets/lmms-lab/EgoLife/resolve/main/A6_SHURE/DAY2/DAY2_A6_SHURE_21503000.mp4
A1_JAKE/DAY2/DAY2_A1_JAKE_21523000.mp4,DAY2,A1_JAKE,30.0,30.0,20.0,1408,1408,16984084,272404,previews/DAY2/088.jpg,https://huggingface.co/datasets/lmms-lab/EgoLife/resolve/main/A1_JAKE/DAY2/DAY2_A1_JAKE_21523000.mp4
A2_ALICE/DAY2/DAY2_A2_ALICE_21540000.mp4,DAY2,A2_ALICE,30.0,30.04,20.0,1408,1408,14231533,206829,previews/DAY2/089.jpg,https://huggingface.co/datasets/lmms-lab/EgoLife/resolve/main/A2_ALICE/DAY2/DAY2_A2_ALICE_21540000.mp4
A5_KATRINA/DAY2/DAY2_A5_KATRINA_21543000.mp4,DAY2,A5_KATRINA,30.0,30.0,20.0,1408,1408,16637028,253028,previews/DAY2/090.jpg,https://huggingface.co/datasets/lmms-lab/EgoLife/resolve/main/A5_KATRINA/DAY2/DAY2_A5_KATRINA_21543000.mp4
A4_LUCIA/DAY2/DAY2_A4_LUCIA_21553000.mp4,DAY2,A4_LUCIA,30.0,30.0,20.0,1408,1408,17311550,272190,previews/DAY2/091.jpg,https://huggingface.co/datasets/lmms-lab/EgoLife/resolve/main/A4_LUCIA/DAY2/DAY2_A4_LUCIA_21553000.mp4
A6_SHURE/DAY2/DAY2_A6_SHURE_22073000.mp4,DAY2,A6_SHURE,30.0,30.0,20.0,1408,1408,13531261,161917,previews/DAY2/092.jpg,https://huggingface.co/datasets/lmms-lab/EgoLife/resolve/main/A6_SHURE/DAY2/DAY2_A6_SHURE_22073000.mp4
A3_TASHA/DAY2/DAY2_A3_TASHA_22103000.mp4,DAY2,A3_TASHA,30.0,30.0,20.0,1408,1408,16560532,242068,previews/DAY2/093.jpg,https://huggingface.co/datasets/lmms-lab/EgoLife/resolve/main/A3_TASHA/DAY2/DAY2_A3_TASHA_22103000.mp4
A2_ALICE/DAY2/DAY2_A2_ALICE_22193000.mp4,DAY2,A2_ALICE,30.0,30.0,20.0,1408,1408,16486635,168171,previews/DAY2/094.jpg,https://huggingface.co/datasets/lmms-lab/EgoLife/resolve/main/A2_ALICE/DAY2/DAY2_A2_ALICE_22193000.mp4
A6_SHURE/DAY2/DAY2_A6_SHURE_22243000.mp4,DAY2,A6_SHURE,30.0,30.0,20.0,1408,1408,13178705,202577,previews/DAY2/095.jpg,https://huggingface.co/datasets/lmms-lab/EgoLife/resolve/main/A6_SHURE/DAY2/DAY2_A6_SHURE_22243000.mp4
A4_LUCIA/DAY2/DAY2_A4_LUCIA_22250000.mp4,DAY2,A4_LUCIA,30.0,30.0,20.0,1408,1408,16016838,157126,previews/DAY2/096.jpg,https://huggingface.co/datasets/lmms-lab/EgoLife/resolve/main/A4_LUCIA/DAY2/DAY2_A4_LUCIA_22250000.mp4
A1_JAKE/DAY2/DAY2_A1_JAKE_22450000.mp4,DAY2,A1_JAKE,30.0,30.0,20.0,1408,1408,14919523,239459,previews/DAY2/097.jpg,https://huggingface.co/datasets/lmms-lab/EgoLife/resolve/main/A1_JAKE/DAY2/DAY2_A1_JAKE_22450000.mp4
A2_ALICE/DAY2/DAY2_A2_ALICE_22450000.mp4,DAY2,A2_ALICE,30.0,30.0,20.0,1408,1408,12514614,193846,previews/DAY2/098.jpg,https://huggingface.co/datasets/lmms-lab/EgoLife/resolve/main/A2_ALICE/DAY2/DAY2_A2_ALICE_22450000.mp4
A4_LUCIA/DAY2/DAY2_A4_LUCIA_22470000.mp4,DAY2,A4_LUCIA,30.0,30.04,20.0,1408,1408,16173987,183203,previews/DAY2/099.jpg,https://huggingface.co/datasets/lmms-lab/EgoLife/resolve/main/A4_LUCIA/DAY2/DAY2_A4_LUCIA_22470000.mp4
A5_KATRINA/DAY2/DAY2_A5_KATRINA_22474315.mp4,DAY2,A5_KATRINA,16.2,16.25,20.0,1408,1408,9177415,198983,previews/DAY2/100.jpg,https://huggingface.co/datasets/lmms-lab/EgoLife/resolve/main/A5_KATRINA/DAY2/DAY2_A5_KATRINA_22474315.mp4
A1_JAKE/DAY3/DAY3_A1_JAKE_11310000.mp4,DAY3,A1_JAKE,30.0,30.0,20.0,1408,1408,17171118,262830,previews/DAY3/001.jpg,https://huggingface.co/datasets/lmms-lab/EgoLife/resolve/main/A1_JAKE/DAY3/DAY3_A1_JAKE_11310000.mp4
A5_KATRINA/DAY3/DAY3_A5_KATRINA_11330000.mp4,DAY3,A5_KATRINA,30.0,30.0,20.0,1408,1408,12565204,244436,previews/DAY3/002.jpg,https://huggingface.co/datasets/lmms-lab/EgoLife/resolve/main/A5_KATRINA/DAY3/DAY3_A5_KATRINA_11330000.mp4
A6_SHURE/DAY3/DAY3_A6_SHURE_11410000.mp4,DAY3,A6_SHURE,30.0,30.0,20.0,1408,1408,14782209,233217,previews/DAY3/003.jpg,https://huggingface.co/datasets/lmms-lab/EgoLife/resolve/main/A6_SHURE/DAY3/DAY3_A6_SHURE_11410000.mp4
A4_LUCIA/DAY3/DAY3_A4_LUCIA_11460000.mp4,DAY3,A4_LUCIA,30.0,30.04,20.0,1408,1408,14053472,159840,previews/DAY3/004.jpg,https://huggingface.co/datasets/lmms-lab/EgoLife/resolve/main/A4_LUCIA/DAY3/DAY3_A4_LUCIA_11460000.mp4
A2_ALICE/DAY3/DAY3_A2_ALICE_11473000.mp4,DAY3,A2_ALICE,30.0,30.04,20.0,1408,1408,14565238,212854,previews/DAY3/005.jpg,https://huggingface.co/datasets/lmms-lab/EgoLife/resolve/main/A2_ALICE/DAY3/DAY3_A2_ALICE_11473000.mp4
A3_TASHA/DAY3/DAY3_A3_TASHA_11540000.mp4,DAY3,A3_TASHA,30.0,30.0,20.0,1408,1408,16059215,199503,previews/DAY3/006.jpg,https://huggingface.co/datasets/lmms-lab/EgoLife/resolve/main/A3_TASHA/DAY3/DAY3_A3_TASHA_11540000.mp4
A5_KATRINA/DAY3/DAY3_A5_KATRINA_11590000.mp4,DAY3,A5_KATRINA,30.0,30.0,20.0,1408,1408,12226127,167503,previews/DAY3/007.jpg,https://huggingface.co/datasets/lmms-lab/EgoLife/resolve/main/A5_KATRINA/DAY3/DAY3_A5_KATRINA_11590000.mp4
A1_JAKE/DAY3/DAY3_A1_JAKE_11593000.mp4,DAY3,A1_JAKE,30.0,30.04,20.0,1408,1408,16181413,190629,previews/DAY3/008.jpg,https://huggingface.co/datasets/lmms-lab/EgoLife/resolve/main/A1_JAKE/DAY3/DAY3_A1_JAKE_11593000.mp4
A6_SHURE/DAY3/DAY3_A6_SHURE_12063000.mp4,DAY3,A6_SHURE,30.0,30.04,20.0,1408,1408,12382259,192563,previews/DAY3/009.jpg,https://huggingface.co/datasets/lmms-lab/EgoLife/resolve/main/A6_SHURE/DAY3/DAY3_A6_SHURE_12063000.mp4
A4_LUCIA/DAY3/DAY3_A4_LUCIA_12110000.mp4,DAY3,A4_LUCIA,30.0,30.0,20.0,1408,1408,13948499,185939,previews/DAY3/010.jpg,https://huggingface.co/datasets/lmms-lab/EgoLife/resolve/main/A4_LUCIA/DAY3/DAY3_A4_LUCIA_12110000.mp4
A2_ALICE/DAY3/DAY3_A2_ALICE_12133000.mp4,DAY3,A2_ALICE,30.0,30.0,20.0,1408,1408,18687702,272086,previews/DAY3/011.jpg,https://huggingface.co/datasets/lmms-lab/EgoLife/resolve/main/A2_ALICE/DAY3/DAY3_A2_ALICE_12133000.mp4
A3_TASHA/DAY3/DAY3_A3_TASHA_12140000.mp4,DAY3,A3_TASHA,30.0,30.0,20.0,1408,1408,14979845,234245,previews/DAY3/012.jpg,https://huggingface.co/datasets/lmms-lab/EgoLife/resolve/main/A3_TASHA/DAY3/DAY3_A3_TASHA_12140000.mp4
A5_KATRINA/DAY3/DAY3_A5_KATRINA_12250000.mp4,DAY3,A5_KATRINA,30.0,30.0,20.0,1408,1408,11050564,171588,previews/DAY3/013.jpg,https://huggingface.co/datasets/lmms-lab/EgoLife/resolve/main/A5_KATRINA/DAY3/DAY3_A5_KATRINA_12250000.mp4
A1_JAKE/DAY3/DAY3_A1_JAKE_12280000.mp4,DAY3,A1_JAKE,30.0,30.0,20.0,1408,1408,9893676,259884,previews/DAY3/014.jpg,https://huggingface.co/datasets/lmms-lab/EgoLife/resolve/main/A1_JAKE/DAY3/DAY3_A1_JAKE_12280000.mp4
A6_SHURE/DAY3/DAY3_A6_SHURE_12313000.mp4,DAY3,A6_SHURE,30.0,30.0,20.0,1408,1408,12002722,271778,previews/DAY3/015.jpg,https://huggingface.co/datasets/lmms-lab/EgoLife/resolve/main/A6_SHURE/DAY3/DAY3_A6_SHURE_12313000.mp4
A3_TASHA/DAY3/DAY3_A3_TASHA_12343000.mp4,DAY3,A3_TASHA,30.0,30.04,20.0,1408,1408,15743741,211709,previews/DAY3/016.jpg,https://huggingface.co/datasets/lmms-lab/EgoLife/resolve/main/A3_TASHA/DAY3/DAY3_A3_TASHA_12343000.mp4
A4_LUCIA/DAY3/DAY3_A4_LUCIA_12360000.mp4,DAY3,A4_LUCIA,30.0,30.0,20.0,1408,1408,15352162,278882,previews/DAY3/017.jpg,https://huggingface.co/datasets/lmms-lab/EgoLife/resolve/main/A4_LUCIA/DAY3/DAY3_A4_LUCIA_12360000.mp4
A2_ALICE/DAY3/DAY3_A2_ALICE_14484314.mp4,DAY3,A2_ALICE,16.3,16.3,20.0,1408,1408,11490371,152643,previews/DAY3/018.jpg,https://huggingface.co/datasets/lmms-lab/EgoLife/resolve/main/A2_ALICE/DAY3/DAY3_A2_ALICE_14484314.mp4
A5_KATRINA/DAY3/DAY3_A5_KATRINA_14590000.mp4,DAY3,A5_KATRINA,30.0,30.0,20.0,1408,1408,22365590,214422,previews/DAY3/019.jpg,https://huggingface.co/datasets/lmms-lab/EgoLife/resolve/main/A5_KATRINA/DAY3/DAY3_A5_KATRINA_14590000.mp4
A3_TASHA/DAY3/DAY3_A3_TASHA_15013000.mp4,DAY3,A3_TASHA,30.0,30.0,20.0,1408,1408,15067412,256276,previews/DAY3/020.jpg,https://huggingface.co/datasets/lmms-lab/EgoLife/resolve/main/A3_TASHA/DAY3/DAY3_A3_TASHA_15013000.mp4
A6_SHURE/DAY3/DAY3_A6_SHURE_15050000.mp4,DAY3,A6_SHURE,30.0,30.04,20.0,1408,1408,17548681,247177,previews/DAY3/021.jpg,https://huggingface.co/datasets/lmms-lab/EgoLife/resolve/main/A6_SHURE/DAY3/DAY3_A6_SHURE_15050000.mp4
A1_JAKE/DAY3/DAY3_A1_JAKE_15060000.mp4,DAY3,A1_JAKE,30.0,30.0,20.0,1408,1408,22543799,261559,previews/DAY3/022.jpg,https://huggingface.co/datasets/lmms-lab/EgoLife/resolve/main/A1_JAKE/DAY3/DAY3_A1_JAKE_15060000.mp4
A4_LUCIA/DAY3/DAY3_A4_LUCIA_15090000.mp4,DAY3,A4_LUCIA,30.0,30.0,20.0,1408,1408,25063138,290530,previews/DAY3/023.jpg,https://huggingface.co/datasets/lmms-lab/EgoLife/resolve/main/A4_LUCIA/DAY3/DAY3_A4_LUCIA_15090000.mp4
A2_ALICE/DAY3/DAY3_A2_ALICE_15143000.mp4,DAY3,A2_ALICE,30.0,30.0,20.0,1408,1408,21622402,323202,previews/DAY3/024.jpg,https://huggingface.co/datasets/lmms-lab/EgoLife/resolve/main/A2_ALICE/DAY3/DAY3_A2_ALICE_15143000.mp4
A3_TASHA/DAY3/DAY3_A3_TASHA_15220000.mp4,DAY3,A3_TASHA,30.0,30.0,20.0,1408,1408,17543145,176105,previews/DAY3/025.jpg,https://huggingface.co/datasets/lmms-lab/EgoLife/resolve/main/A3_TASHA/DAY3/DAY3_A3_TASHA_15220000.mp4
A5_KATRINA/DAY3/DAY3_A5_KATRINA_15250000.mp4,DAY3,A5_KATRINA,30.0,30.0,20.0,1408,1408,22459593,308425,previews/DAY3/026.jpg,https://huggingface.co/datasets/lmms-lab/EgoLife/resolve/main/A5_KATRINA/DAY3/DAY3_A5_KATRINA_15250000.mp4
A6_SHURE/DAY3/DAY3_A6_SHURE_15303000.mp4,DAY3,A6_SHURE,30.0,30.0,20.0,1408,1408,24408757,291509,previews/DAY3/027.jpg,https://huggingface.co/datasets/lmms-lab/EgoLife/resolve/main/A6_SHURE/DAY3/DAY3_A6_SHURE_15303000.mp4
A1_JAKE/DAY3/DAY3_A1_JAKE_15340000.mp4,DAY3,A1_JAKE,30.0,30.0,20.0,1408,1408,22356753,271121,previews/DAY3/028.jpg,https://huggingface.co/datasets/lmms-lab/EgoLife/resolve/main/A1_JAKE/DAY3/DAY3_A1_JAKE_15340000.mp4
A4_LUCIA/DAY3/DAY3_A4_LUCIA_15340000.mp4,DAY3,A4_LUCIA,30.0,30.0,20.0,1408,1408,25279702,244950,previews/DAY3/029.jpg,https://huggingface.co/datasets/lmms-lab/EgoLife/resolve/main/A4_LUCIA/DAY3/DAY3_A4_LUCIA_15340000.mp4
A2_ALICE/DAY3/DAY3_A2_ALICE_15403000.mp4,DAY3,A2_ALICE,30.0,30.0,20.0,1408,1408,20101325,309453,previews/DAY3/030.jpg,https://huggingface.co/datasets/lmms-lab/EgoLife/resolve/main/A2_ALICE/DAY3/DAY3_A2_ALICE_15403000.mp4
A3_TASHA/DAY3/DAY3_A3_TASHA_15420000.mp4,DAY3,A3_TASHA,30.0,30.0,20.0,1408,1408,17402058,231626,previews/DAY3/031.jpg,https://huggingface.co/datasets/lmms-lab/EgoLife/resolve/main/A3_TASHA/DAY3/DAY3_A3_TASHA_15420000.mp4
A5_KATRINA/DAY3/DAY3_A5_KATRINA_15510000.mp4,DAY3,A5_KATRINA,30.0,30.0,20.0,1408,1408,24416006,298758,previews/DAY3/032.jpg,https://huggingface.co/datasets/lmms-lab/EgoLife/resolve/main/A5_KATRINA/DAY3/DAY3_A5_KATRINA_15510000.mp4
A6_SHURE/DAY3/DAY3_A6_SHURE_15553000.mp4,DAY3,A6_SHURE,30.0,30.0,20.0,1408,1408,18605307,255227,previews/DAY3/033.jpg,https://huggingface.co/datasets/lmms-lab/EgoLife/resolve/main/A6_SHURE/DAY3/DAY3_A6_SHURE_15553000.mp4
A4_LUCIA/DAY3/DAY3_A4_LUCIA_15590000.mp4,DAY3,A4_LUCIA,30.0,30.0,20.0,1408,1408,22994928,319472,previews/DAY3/034.jpg,https://huggingface.co/datasets/lmms-lab/EgoLife/resolve/main/A4_LUCIA/DAY3/DAY3_A4_LUCIA_15590000.mp4
A1_JAKE/DAY3/DAY3_A1_JAKE_16023000.mp4,DAY3,A1_JAKE,30.0,30.0,20.0,1408,1408,20621918,240222,previews/DAY3/035.jpg,https://huggingface.co/datasets/lmms-lab/EgoLife/resolve/main/A1_JAKE/DAY3/DAY3_A1_JAKE_16023000.mp4
A3_TASHA/DAY3/DAY3_A3_TASHA_16023000.mp4,DAY3,A3_TASHA,30.0,30.04,20.0,1408,1408,16819231,238623,previews/DAY3/036.jpg,https://huggingface.co/datasets/lmms-lab/EgoLife/resolve/main/A3_TASHA/DAY3/DAY3_A3_TASHA_16023000.mp4
A2_ALICE/DAY3/DAY3_A2_ALICE_16070000.mp4,DAY3,A2_ALICE,30.0,30.0,20.0,1408,1408,25828890,269850,previews/DAY3/037.jpg,https://huggingface.co/datasets/lmms-lab/EgoLife/resolve/main/A2_ALICE/DAY3/DAY3_A2_ALICE_16070000.mp4
A5_KATRINA/DAY3/DAY3_A5_KATRINA_16170000.mp4,DAY3,A5_KATRINA,30.0,30.0,20.0,1408,1408,26553244,338844,previews/DAY3/038.jpg,https://huggingface.co/datasets/lmms-lab/EgoLife/resolve/main/A5_KATRINA/DAY3/DAY3_A5_KATRINA_16170000.mp4
A6_SHURE/DAY3/DAY3_A6_SHURE_16210000.mp4,DAY3,A6_SHURE,30.0,30.0,20.0,1408,1408,28038514,316786,previews/DAY3/039.jpg,https://huggingface.co/datasets/lmms-lab/EgoLife/resolve/main/A6_SHURE/DAY3/DAY3_A6_SHURE_16210000.mp4
A4_LUCIA/DAY3/DAY3_A4_LUCIA_16240000.mp4,DAY3,A4_LUCIA,30.0,30.0,20.0,1408,1408,24151320,296216,previews/DAY3/040.jpg,https://huggingface.co/datasets/lmms-lab/EgoLife/resolve/main/A4_LUCIA/DAY3/DAY3_A4_LUCIA_16240000.mp4
A3_TASHA/DAY3/DAY3_A3_TASHA_16280000.mp4,DAY3,A3_TASHA,30.0,30.0,20.0,1408,1408,23401683,267475,previews/DAY3/041.jpg,https://huggingface.co/datasets/lmms-lab/EgoLife/resolve/main/A3_TASHA/DAY3/DAY3_A3_TASHA_16280000.mp4
A1_JAKE/DAY3/DAY3_A1_JAKE_16310000.mp4,DAY3,A1_JAKE,30.0,30.04,20.0,1408,1408,14954113,274049,previews/DAY3/042.jpg,https://huggingface.co/datasets/lmms-lab/EgoLife/resolve/main/A1_JAKE/DAY3/DAY3_A1_JAKE_16310000.mp4
A2_ALICE/DAY3/DAY3_A2_ALICE_16330000.mp4,DAY3,A2_ALICE,30.0,30.04,20.0,1408,1408,19144053,269685,previews/DAY3/043.jpg,https://huggingface.co/datasets/lmms-lab/EgoLife/resolve/main/A2_ALICE/DAY3/DAY3_A2_ALICE_16330000.mp4
A5_KATRINA/DAY3/DAY3_A5_KATRINA_16430000.mp4,DAY3,A5_KATRINA,30.0,30.0,20.0,1408,1408,20258715,270235,previews/DAY3/044.jpg,https://huggingface.co/datasets/lmms-lab/EgoLife/resolve/main/A5_KATRINA/DAY3/DAY3_A5_KATRINA_16430000.mp4
A6_SHURE/DAY3/DAY3_A6_SHURE_16463000.mp4,DAY3,A6_SHURE,30.0,30.0,20.0,1408,1408,23662560,266208,previews/DAY3/045.jpg,https://huggingface.co/datasets/lmms-lab/EgoLife/resolve/main/A6_SHURE/DAY3/DAY3_A6_SHURE_16463000.mp4
A3_TASHA/DAY3/DAY3_A3_TASHA_16483000.mp4,DAY3,A3_TASHA,30.0,30.0,20.0,1408,1408,19937484,276684,previews/DAY3/046.jpg,https://huggingface.co/datasets/lmms-lab/EgoLife/resolve/main/A3_TASHA/DAY3/DAY3_A3_TASHA_16483000.mp4
A4_LUCIA/DAY3/DAY3_A4_LUCIA_16490000.mp4,DAY3,A4_LUCIA,30.0,30.04,20.0,1408,1408,20349312,229760,previews/DAY3/047.jpg,https://huggingface.co/datasets/lmms-lab/EgoLife/resolve/main/A4_LUCIA/DAY3/DAY3_A4_LUCIA_16490000.mp4
A2_ALICE/DAY3/DAY3_A2_ALICE_16590000.mp4,DAY3,A2_ALICE,30.0,30.04,20.0,1408,1408,17701253,268677,previews/DAY3/048.jpg,https://huggingface.co/datasets/lmms-lab/EgoLife/resolve/main/A2_ALICE/DAY3/DAY3_A2_ALICE_16590000.mp4
A1_JAKE/DAY3/DAY3_A1_JAKE_16593000.mp4,DAY3,A1_JAKE,30.0,30.04,20.0,1408,1408,19523368,255784,previews/DAY3/049.jpg,https://huggingface.co/datasets/lmms-lab/EgoLife/resolve/main/A1_JAKE/DAY3/DAY3_A1_JAKE_16593000.mp4
A3_TASHA/DAY3/DAY3_A3_TASHA_17083000.mp4,DAY3,A3_TASHA,30.0,30.0,20.0,1408,1408,17137394,229106,previews/DAY3/050.jpg,https://huggingface.co/datasets/lmms-lab/EgoLife/resolve/main/A3_TASHA/DAY3/DAY3_A3_TASHA_17083000.mp4
A5_KATRINA/DAY3/DAY3_A5_KATRINA_17090000.mp4,DAY3,A5_KATRINA,30.0,30.04,20.0,1408,1408,22216168,261608,previews/DAY3/051.jpg,https://huggingface.co/datasets/lmms-lab/EgoLife/resolve/main/A5_KATRINA/DAY3/DAY3_A5_KATRINA_17090000.mp4
A6_SHURE/DAY3/DAY3_A6_SHURE_17120000.mp4,DAY3,A6_SHURE,30.0,30.0,20.0,1408,1408,20650237,268541,previews/DAY3/052.jpg,https://huggingface.co/datasets/lmms-lab/EgoLife/resolve/main/A6_SHURE/DAY3/DAY3_A6_SHURE_17120000.mp4
A4_LUCIA/DAY3/DAY3_A4_LUCIA_17140000.mp4,DAY3,A4_LUCIA,30.0,30.0,20.0,1408,1408,20671620,224388,previews/DAY3/053.jpg,https://huggingface.co/datasets/lmms-lab/EgoLife/resolve/main/A4_LUCIA/DAY3/DAY3_A4_LUCIA_17140000.mp4
A2_ALICE/DAY3/DAY3_A2_ALICE_17250000.mp4,DAY3,A2_ALICE,30.0,30.04,20.0,1408,1408,12571213,184909,previews/DAY3/054.jpg,https://huggingface.co/datasets/lmms-lab/EgoLife/resolve/main/A2_ALICE/DAY3/DAY3_A2_ALICE_17250000.mp4
A1_JAKE/DAY3/DAY3_A1_JAKE_17280000.mp4,DAY3,A1_JAKE,30.0,30.0,20.0,1408,1408,18106327,214999,previews/DAY3/055.jpg,https://huggingface.co/datasets/lmms-lab/EgoLife/resolve/main/A1_JAKE/DAY3/DAY3_A1_JAKE_17280000.mp4
A3_TASHA/DAY3/DAY3_A3_TASHA_17283000.mp4,DAY3,A3_TASHA,30.0,30.0,20.0,1408,1408,14168738,209570,previews/DAY3/056.jpg,https://huggingface.co/datasets/lmms-lab/EgoLife/resolve/main/A3_TASHA/DAY3/DAY3_A3_TASHA_17283000.mp4
A5_KATRINA/DAY3/DAY3_A5_KATRINA_18030000.mp4,DAY3,A5_KATRINA,30.0,30.04,20.0,1408,1408,18691603,275987,previews/DAY3/057.jpg,https://huggingface.co/datasets/lmms-lab/EgoLife/resolve/main/A5_KATRINA/DAY3/DAY3_A5_KATRINA_18030000.mp4
A6_SHURE/DAY3/DAY3_A6_SHURE_18043000.mp4,DAY3,A6_SHURE,30.0,30.0,20.0,1408,1408,22121215,297727,previews/DAY3/058.jpg,https://huggingface.co/datasets/lmms-lab/EgoLife/resolve/main/A6_SHURE/DAY3/DAY3_A6_SHURE_18043000.mp4
A4_LUCIA/DAY3/DAY3_A4_LUCIA_18063000.mp4,DAY3,A4_LUCIA,30.0,30.0,20.0,1408,1408,17015193,237977,previews/DAY3/059.jpg,https://huggingface.co/datasets/lmms-lab/EgoLife/resolve/main/A4_LUCIA/DAY3/DAY3_A4_LUCIA_18063000.mp4
A1_JAKE/DAY3/DAY3_A1_JAKE_19363000.mp4,DAY3,A1_JAKE,30.0,30.0,20.0,1408,1408,19665714,201522,previews/DAY3/060.jpg,https://huggingface.co/datasets/lmms-lab/EgoLife/resolve/main/A1_JAKE/DAY3/DAY3_A1_JAKE_19363000.mp4
A6_SHURE/DAY3/DAY3_A6_SHURE_19433000.mp4,DAY3,A6_SHURE,30.0,30.04,20.0,1408,1408,18256240,233840,previews/DAY3/061.jpg,https://huggingface.co/datasets/lmms-lab/EgoLife/resolve/main/A6_SHURE/DAY3/DAY3_A6_SHURE_19433000.mp4
A5_KATRINA/DAY3/DAY3_A5_KATRINA_19453000.mp4,DAY3,A5_KATRINA,30.0,30.04,20.0,1408,1408,18382102,228630,previews/DAY3/062.jpg,https://huggingface.co/datasets/lmms-lab/EgoLife/resolve/main/A5_KATRINA/DAY3/DAY3_A5_KATRINA_19453000.mp4
A2_ALICE/DAY3/DAY3_A2_ALICE_20003000.mp4,DAY3,A2_ALICE,30.0,30.0,20.0,1408,1408,18142954,186090,previews/DAY3/063.jpg,https://huggingface.co/datasets/lmms-lab/EgoLife/resolve/main/A2_ALICE/DAY3/DAY3_A2_ALICE_20003000.mp4
A1_JAKE/DAY3/DAY3_A1_JAKE_20050000.mp4,DAY3,A1_JAKE,30.0,30.0,20.0,1408,1408,20855893,212053,previews/DAY3/064.jpg,https://huggingface.co/datasets/lmms-lab/EgoLife/resolve/main/A1_JAKE/DAY3/DAY3_A1_JAKE_20050000.mp4
A3_TASHA/DAY3/DAY3_A3_TASHA_20070000.mp4,DAY3,A3_TASHA,30.0,30.0,20.0,1408,1408,19590148,257028,previews/DAY3/065.jpg,https://huggingface.co/datasets/lmms-lab/EgoLife/resolve/main/A3_TASHA/DAY3/DAY3_A3_TASHA_20070000.mp4
A4_LUCIA/DAY3/DAY3_A4_LUCIA_20080000.mp4,DAY3,A4_LUCIA,30.0,30.0,20.0,1408,1408,19479904,277856,previews/DAY3/066.jpg,https://huggingface.co/datasets/lmms-lab/EgoLife/resolve/main/A4_LUCIA/DAY3/DAY3_A4_LUCIA_20080000.mp4
A6_SHURE/DAY3/DAY3_A6_SHURE_20090000.mp4,DAY3,A6_SHURE,30.0,30.0,20.0,1408,1408,15840864,177760,previews/DAY3/067.jpg,https://huggingface.co/datasets/lmms-lab/EgoLife/resolve/main/A6_SHURE/DAY3/DAY3_A6_SHURE_20090000.mp4
A5_KATRINA/DAY3/DAY3_A5_KATRINA_20113000.mp4,DAY3,A5_KATRINA,30.0,30.0,20.0,1408,1408,15005666,260066,previews/DAY3/068.jpg,https://huggingface.co/datasets/lmms-lab/EgoLife/resolve/main/A5_KATRINA/DAY3/DAY3_A5_KATRINA_20113000.mp4
A2_ALICE/DAY3/DAY3_A2_ALICE_20263000.mp4,DAY3,A2_ALICE,30.0,30.0,20.0,1408,1408,16598788,214788,previews/DAY3/069.jpg,https://huggingface.co/datasets/lmms-lab/EgoLife/resolve/main/A2_ALICE/DAY3/DAY3_A2_ALICE_20263000.mp4
A3_TASHA/DAY3/DAY3_A3_TASHA_20270000.mp4,DAY3,A3_TASHA,30.0,30.0,20.0,1408,1408,19336620,265644,previews/DAY3/070.jpg,https://huggingface.co/datasets/lmms-lab/EgoLife/resolve/main/A3_TASHA/DAY3/DAY3_A3_TASHA_20270000.mp4
A4_LUCIA/DAY3/DAY3_A4_LUCIA_20330000.mp4,DAY3,A4_LUCIA,30.0,30.04,20.0,1408,1408,15818559,220991,previews/DAY3/071.jpg,https://huggingface.co/datasets/lmms-lab/EgoLife/resolve/main/A4_LUCIA/DAY3/DAY3_A4_LUCIA_20330000.mp4
A1_JAKE/DAY3/DAY3_A1_JAKE_20333000.mp4,DAY3,A1_JAKE,30.0,30.04,20.0,1408,1408,17196053,156693,previews/DAY3/072.jpg,https://huggingface.co/datasets/lmms-lab/EgoLife/resolve/main/A1_JAKE/DAY3/DAY3_A1_JAKE_20333000.mp4
A6_SHURE/DAY3/DAY3_A6_SHURE_20340000.mp4,DAY3,A6_SHURE,30.0,30.0,20.0,1408,1408,16074662,214950,previews/DAY3/073.jpg,https://huggingface.co/datasets/lmms-lab/EgoLife/resolve/main/A6_SHURE/DAY3/DAY3_A6_SHURE_20340000.mp4
A5_KATRINA/DAY3/DAY3_A5_KATRINA_20373000.mp4,DAY3,A5_KATRINA,30.0,30.0,20.0,1408,1408,15305229,231949,previews/DAY3/074.jpg,https://huggingface.co/datasets/lmms-lab/EgoLife/resolve/main/A5_KATRINA/DAY3/DAY3_A5_KATRINA_20373000.mp4
A3_TASHA/DAY3/DAY3_A3_TASHA_20473000.mp4,DAY3,A3_TASHA,30.0,30.04,20.0,1408,1408,16481644,228716,previews/DAY3/075.jpg,https://huggingface.co/datasets/lmms-lab/EgoLife/resolve/main/A3_TASHA/DAY3/DAY3_A3_TASHA_20473000.mp4
A2_ALICE/DAY3/DAY3_A2_ALICE_20530000.mp4,DAY3,A2_ALICE,30.0,30.0,20.0,1408,1408,15584355,183395,previews/DAY3/076.jpg,https://huggingface.co/datasets/lmms-lab/EgoLife/resolve/main/A2_ALICE/DAY3/DAY3_A2_ALICE_20530000.mp4
A4_LUCIA/DAY3/DAY3_A4_LUCIA_20580000.mp4,DAY3,A4_LUCIA,30.0,30.0,20.0,1408,1408,17582280,215240,previews/DAY3/077.jpg,https://huggingface.co/datasets/lmms-lab/EgoLife/resolve/main/A4_LUCIA/DAY3/DAY3_A4_LUCIA_20580000.mp4
A6_SHURE/DAY3/DAY3_A6_SHURE_20593000.mp4,DAY3,A6_SHURE,30.0,30.0,20.0,1408,1408,15089406,212734,previews/DAY3/078.jpg,https://huggingface.co/datasets/lmms-lab/EgoLife/resolve/main/A6_SHURE/DAY3/DAY3_A6_SHURE_20593000.mp4
A5_KATRINA/DAY3/DAY3_A5_KATRINA_21033000.mp4,DAY3,A5_KATRINA,30.0,30.0,20.0,1408,1408,22271202,251106,previews/DAY3/079.jpg,https://huggingface.co/datasets/lmms-lab/EgoLife/resolve/main/A5_KATRINA/DAY3/DAY3_A5_KATRINA_21033000.mp4
A3_TASHA/DAY3/DAY3_A3_TASHA_21073000.mp4,DAY3,A3_TASHA,30.0,30.0,20.0,1408,1408,17393325,222893,previews/DAY3/080.jpg,https://huggingface.co/datasets/lmms-lab/EgoLife/resolve/main/A3_TASHA/DAY3/DAY3_A3_TASHA_21073000.mp4
A1_JAKE/DAY3/DAY3_A1_JAKE_21120000.mp4,DAY3,A1_JAKE,30.0,30.0,20.0,1408,1408,16285388,229068,previews/DAY3/081.jpg,https://huggingface.co/datasets/lmms-lab/EgoLife/resolve/main/A1_JAKE/DAY3/DAY3_A1_JAKE_21120000.mp4
A2_ALICE/DAY3/DAY3_A2_ALICE_21190000.mp4,DAY3,A2_ALICE,30.0,30.0,20.0,1408,1408,14711313,162321,previews/DAY3/082.jpg,https://huggingface.co/datasets/lmms-lab/EgoLife/resolve/main/A2_ALICE/DAY3/DAY3_A2_ALICE_21190000.mp4
A4_LUCIA/DAY3/DAY3_A4_LUCIA_21230000.mp4,DAY3,A4_LUCIA,30.0,30.0,20.0,1408,1408,22269187,249091,previews/DAY3/083.jpg,https://huggingface.co/datasets/lmms-lab/EgoLife/resolve/main/A4_LUCIA/DAY3/DAY3_A4_LUCIA_21230000.mp4
A6_SHURE/DAY3/DAY3_A6_SHURE_21250000.mp4,DAY3,A6_SHURE,30.0,30.0,20.0,1408,1408,19555148,156492,previews/DAY3/084.jpg,https://huggingface.co/datasets/lmms-lab/EgoLife/resolve/main/A6_SHURE/DAY3/DAY3_A6_SHURE_21250000.mp4
A5_KATRINA/DAY3/DAY3_A5_KATRINA_21293000.mp4,DAY3,A5_KATRINA,30.0,30.0,20.0,1408,1408,11231488,155904,previews/DAY3/085.jpg,https://huggingface.co/datasets/lmms-lab/EgoLife/resolve/main/A5_KATRINA/DAY3/DAY3_A5_KATRINA_21293000.mp4
A1_JAKE/DAY3/DAY3_A1_JAKE_21403000.mp4,DAY3,A1_JAKE,30.0,30.0,20.0,1408,1408,15718673,186641,previews/DAY3/086.jpg,https://huggingface.co/datasets/lmms-lab/EgoLife/resolve/main/A1_JAKE/DAY3/DAY3_A1_JAKE_21403000.mp4
A2_ALICE/DAY3/DAY3_A2_ALICE_21450000.mp4,DAY3,A2_ALICE,30.0,30.0,20.0,1408,1408,22021256,263304,previews/DAY3/087.jpg,https://huggingface.co/datasets/lmms-lab/EgoLife/resolve/main/A2_ALICE/DAY3/DAY3_A2_ALICE_21450000.mp4
A4_LUCIA/DAY3/DAY3_A4_LUCIA_21480000.mp4,DAY3,A4_LUCIA,30.0,30.0,20.0,1408,1408,19062780,253948,previews/DAY3/088.jpg,https://huggingface.co/datasets/lmms-lab/EgoLife/resolve/main/A4_LUCIA/DAY3/DAY3_A4_LUCIA_21480000.mp4
A6_SHURE/DAY3/DAY3_A6_SHURE_21500000.mp4,DAY3,A6_SHURE,30.0,30.0,20.0,1408,1408,20432942,182318,previews/DAY3/089.jpg,https://huggingface.co/datasets/lmms-lab/EgoLife/resolve/main/A6_SHURE/DAY3/DAY3_A6_SHURE_21500000.mp4
A5_KATRINA/DAY3/DAY3_A5_KATRINA_21553000.mp4,DAY3,A5_KATRINA,30.0,30.04,20.0,1408,1408,17964863,270143,previews/DAY3/090.jpg,https://huggingface.co/datasets/lmms-lab/EgoLife/resolve/main/A5_KATRINA/DAY3/DAY3_A5_KATRINA_21553000.mp4
A1_JAKE/DAY3/DAY3_A1_JAKE_22090000.mp4,DAY3,A1_JAKE,30.0,30.04,20.0,1408,1408,17124870,216582,previews/DAY3/091.jpg,https://huggingface.co/datasets/lmms-lab/EgoLife/resolve/main/A1_JAKE/DAY3/DAY3_A1_JAKE_22090000.mp4
A2_ALICE/DAY3/DAY3_A2_ALICE_22110000.mp4,DAY3,A2_ALICE,30.0,30.0,20.0,1408,1408,21840948,214068,previews/DAY3/092.jpg,https://huggingface.co/datasets/lmms-lab/EgoLife/resolve/main/A2_ALICE/DAY3/DAY3_A2_ALICE_22110000.mp4
A4_LUCIA/DAY3/DAY3_A4_LUCIA_22130000.mp4,DAY3,A4_LUCIA,30.0,30.0,20.0,1408,1408,21152575,181055,previews/DAY3/093.jpg,https://huggingface.co/datasets/lmms-lab/EgoLife/resolve/main/A4_LUCIA/DAY3/DAY3_A4_LUCIA_22130000.mp4
A6_SHURE/DAY3/DAY3_A6_SHURE_22153000.mp4,DAY3,A6_SHURE,30.0,30.0,20.0,1408,1408,15726125,194093,previews/DAY3/094.jpg,https://huggingface.co/datasets/lmms-lab/EgoLife/resolve/main/A6_SHURE/DAY3/DAY3_A6_SHURE_22153000.mp4
A5_KATRINA/DAY3/DAY3_A5_KATRINA_22213000.mp4,DAY3,A5_KATRINA,30.0,30.0,20.0,1408,1408,16063420,203708,previews/DAY3/095.jpg,https://huggingface.co/datasets/lmms-lab/EgoLife/resolve/main/A5_KATRINA/DAY3/DAY3_A5_KATRINA_22213000.mp4
A2_ALICE/DAY3/DAY3_A2_ALICE_22370000.mp4,DAY3,A2_ALICE,30.0,30.0,20.0,1408,1408,22788413,244029,previews/DAY3/096.jpg,https://huggingface.co/datasets/lmms-lab/EgoLife/resolve/main/A2_ALICE/DAY3/DAY3_A2_ALICE_22370000.mp4
A1_JAKE/DAY3/DAY3_A1_JAKE_22373000.mp4,DAY3,A1_JAKE,30.0,30.0,20.0,1408,1408,18900195,222435,previews/DAY3/097.jpg,https://huggingface.co/datasets/lmms-lab/EgoLife/resolve/main/A1_JAKE/DAY3/DAY3_A1_JAKE_22373000.mp4
A4_LUCIA/DAY3/DAY3_A4_LUCIA_22380000.mp4,DAY3,A4_LUCIA,30.0,30.0,20.0,1408,1408,19419685,217637,previews/DAY3/098.jpg,https://huggingface.co/datasets/lmms-lab/EgoLife/resolve/main/A4_LUCIA/DAY3/DAY3_A4_LUCIA_22380000.mp4
A3_TASHA/DAY3/DAY3_A3_TASHA_22383000.mp4,DAY3,A3_TASHA,30.0,30.04,20.0,1408,1408,18743618,196930,previews/DAY3/099.jpg,https://huggingface.co/datasets/lmms-lab/EgoLife/resolve/main/A3_TASHA/DAY3/DAY3_A3_TASHA_22383000.mp4
A3_TASHA/DAY3/DAY3_A3_TASHA_22583000.mp4,DAY3,A3_TASHA,30.0,30.0,20.0,1408,1408,16536111,152111,previews/DAY3/100.jpg,https://huggingface.co/datasets/lmms-lab/EgoLife/resolve/main/A3_TASHA/DAY3/DAY3_A3_TASHA_22583000.mp4
A2_ALICE/DAY4/DAY4_A2_ALICE_10593000.mp4,DAY4,A2_ALICE,30.0,30.0,20.0,1408,1408,15928815,265711,previews/DAY4/001.jpg,https://huggingface.co/datasets/lmms-lab/EgoLife/resolve/main/A2_ALICE/DAY4/DAY4_A2_ALICE_10593000.mp4
A1_JAKE/DAY4/DAY4_A1_JAKE_11020000.mp4,DAY4,A1_JAKE,30.0,30.0,20.0,1408,1408,14721330,237874,previews/DAY4/002.jpg,https://huggingface.co/datasets/lmms-lab/EgoLife/resolve/main/A1_JAKE/DAY4/DAY4_A1_JAKE_11020000.mp4
A6_SHURE/DAY4/DAY4_A6_SHURE_11033000.mp4,DAY4,A6_SHURE,30.0,30.04,20.0,1408,1408,15489401,153977,previews/DAY4/003.jpg,https://huggingface.co/datasets/lmms-lab/EgoLife/resolve/main/A6_SHURE/DAY4/DAY4_A6_SHURE_11033000.mp4
A5_KATRINA/DAY4/DAY4_A5_KATRINA_11140000.mp4,DAY4,A5_KATRINA,30.0,30.0,20.0,1408,1408,14051539,157907,previews/DAY4/004.jpg,https://huggingface.co/datasets/lmms-lab/EgoLife/resolve/main/A5_KATRINA/DAY4/DAY4_A5_KATRINA_11140000.mp4
A2_ALICE/DAY4/DAY4_A2_ALICE_11183000.mp4,DAY4,A2_ALICE,30.0,30.0,20.0,1408,1408,15605118,204158,previews/DAY4/005.jpg,https://huggingface.co/datasets/lmms-lab/EgoLife/resolve/main/A2_ALICE/DAY4/DAY4_A2_ALICE_11183000.mp4
A3_TASHA/DAY4/DAY4_A3_TASHA_11270000.mp4,DAY4,A3_TASHA,30.0,30.0,20.0,1408,1408,17785781,156597,previews/DAY4/006.jpg,https://huggingface.co/datasets/lmms-lab/EgoLife/resolve/main/A3_TASHA/DAY4/DAY4_A3_TASHA_11270000.mp4
A1_JAKE/DAY4/DAY4_A1_JAKE_11300000.mp4,DAY4,A1_JAKE,30.0,30.0,20.0,1408,1408,16808388,227780,previews/DAY4/007.jpg,https://huggingface.co/datasets/lmms-lab/EgoLife/resolve/main/A1_JAKE/DAY4/DAY4_A1_JAKE_11300000.mp4
A6_SHURE/DAY4/DAY4_A6_SHURE_11323000.mp4,DAY4,A6_SHURE,30.0,30.04,20.0,1408,1408,15190862,183118,previews/DAY4/008.jpg,https://huggingface.co/datasets/lmms-lab/EgoLife/resolve/main/A6_SHURE/DAY4/DAY4_A6_SHURE_11323000.mp4
A4_LUCIA/DAY4/DAY4_A4_LUCIA_11353000.mp4,DAY4,A4_LUCIA,30.0,30.0,20.0,1408,1408,14107162,279066,previews/DAY4/009.jpg,https://huggingface.co/datasets/lmms-lab/EgoLife/resolve/main/A4_LUCIA/DAY4/DAY4_A4_LUCIA_11353000.mp4
A5_KATRINA/DAY4/DAY4_A5_KATRINA_11360000.mp4,DAY4,A5_KATRINA,30.0,30.04,20.0,1408,1408,14367480,277240,previews/DAY4/010.jpg,https://huggingface.co/datasets/lmms-lab/EgoLife/resolve/main/A5_KATRINA/DAY4/DAY4_A5_KATRINA_11360000.mp4
A2_ALICE/DAY4/DAY4_A2_ALICE_11380000.mp4,DAY4,A2_ALICE,30.0,30.0,20.0,1408,1408,12216656,223568,previews/DAY4/011.jpg,https://huggingface.co/datasets/lmms-lab/EgoLife/resolve/main/A2_ALICE/DAY4/DAY4_A2_ALICE_11380000.mp4
A3_TASHA/DAY4/DAY4_A3_TASHA_11533000.mp4,DAY4,A3_TASHA,30.0,30.0,20.0,1408,1408,12154516,161428,previews/DAY4/012.jpg,https://huggingface.co/datasets/lmms-lab/EgoLife/resolve/main/A3_TASHA/DAY4/DAY4_A3_TASHA_11533000.mp4
A4_LUCIA/DAY4/DAY4_A4_LUCIA_11553000.mp4,DAY4,A4_LUCIA,30.0,30.0,20.0,1408,1408,13897531,266043,previews/DAY4/013.jpg,https://huggingface.co/datasets/lmms-lab/EgoLife/resolve/main/A4_LUCIA/DAY4/DAY4_A4_LUCIA_11553000.mp4
A2_ALICE/DAY4/DAY4_A2_ALICE_11570000.mp4,DAY4,A2_ALICE,30.0,30.0,20.0,1408,1408,6394232,168312,previews/DAY4/014.jpg,https://huggingface.co/datasets/lmms-lab/EgoLife/resolve/main/A2_ALICE/DAY4/DAY4_A2_ALICE_11570000.mp4
A5_KATRINA/DAY4/DAY4_A5_KATRINA_11573000.mp4,DAY4,A5_KATRINA,30.0,30.0,20.0,1408,1408,7254881,176993,previews/DAY4/015.jpg,https://huggingface.co/datasets/lmms-lab/EgoLife/resolve/main/A5_KATRINA/DAY4/DAY4_A5_KATRINA_11573000.mp4
A1_JAKE/DAY4/DAY4_A1_JAKE_11580000.mp4,DAY4,A1_JAKE,30.0,30.0,20.0,1408,1408,15026787,150115,previews/DAY4/016.jpg,https://huggingface.co/datasets/lmms-lab/EgoLife/resolve/main/A1_JAKE/DAY4/DAY4_A1_JAKE_11580000.mp4
A6_SHURE/DAY4/DAY4_A6_SHURE_12013000.mp4,DAY4,A6_SHURE,30.0,30.0,20.0,1408,1408,15006743,195607,previews/DAY4/017.jpg,https://huggingface.co/datasets/lmms-lab/EgoLife/resolve/main/A6_SHURE/DAY4/DAY4_A6_SHURE_12013000.mp4
A4_LUCIA/DAY4/DAY4_A4_LUCIA_12153000.mp4,DAY4,A4_LUCIA,30.0,30.0,20.0,1408,1408,14569655,217271,previews/DAY4/018.jpg,https://huggingface.co/datasets/lmms-lab/EgoLife/resolve/main/A4_LUCIA/DAY4/DAY4_A4_LUCIA_12153000.mp4
A2_ALICE/DAY4/DAY4_A2_ALICE_12163000.mp4,DAY4,A2_ALICE,30.0,30.0,20.0,1408,1408,15322254,248974,previews/DAY4/019.jpg,https://huggingface.co/datasets/lmms-lab/EgoLife/resolve/main/A2_ALICE/DAY4/DAY4_A2_ALICE_12163000.mp4
A3_TASHA/DAY4/DAY4_A3_TASHA_12193000.mp4,DAY4,A3_TASHA,30.0,30.0,20.0,1408,1408,17812601,248953,previews/DAY4/020.jpg,https://huggingface.co/datasets/lmms-lab/EgoLife/resolve/main/A3_TASHA/DAY4/DAY4_A3_TASHA_12193000.mp4
A5_KATRINA/DAY4/DAY4_A5_KATRINA_12193000.mp4,DAY4,A5_KATRINA,30.0,30.0,20.0,1408,1408,16424774,237382,previews/DAY4/021.jpg,https://huggingface.co/datasets/lmms-lab/EgoLife/resolve/main/A5_KATRINA/DAY4/DAY4_A5_KATRINA_12193000.mp4
A1_JAKE/DAY4/DAY4_A1_JAKE_12260000.mp4,DAY4,A1_JAKE,30.0,30.0,20.0,1408,1408,17819033,255385,previews/DAY4/022.jpg,https://huggingface.co/datasets/lmms-lab/EgoLife/resolve/main/A1_JAKE/DAY4/DAY4_A1_JAKE_12260000.mp4
A6_SHURE/DAY4/DAY4_A6_SHURE_12303000.mp4,DAY4,A6_SHURE,30.0,30.0,20.0,1408,1408,17105403,197115,previews/DAY4/023.jpg,https://huggingface.co/datasets/lmms-lab/EgoLife/resolve/main/A6_SHURE/DAY4/DAY4_A6_SHURE_12303000.mp4
A4_LUCIA/DAY4/DAY4_A4_LUCIA_12350000.mp4,DAY4,A4_LUCIA,30.0,30.0,20.0,1408,1408,16506202,253274,previews/DAY4/024.jpg,https://huggingface.co/datasets/lmms-lab/EgoLife/resolve/main/A4_LUCIA/DAY4/DAY4_A4_LUCIA_12350000.mp4
A2_ALICE/DAY4/DAY4_A2_ALICE_12360000.mp4,DAY4,A2_ALICE,30.0,30.0,20.0,1408,1408,16216820,226036,previews/DAY4/025.jpg,https://huggingface.co/datasets/lmms-lab/EgoLife/resolve/main/A2_ALICE/DAY4/DAY4_A2_ALICE_12360000.mp4
A5_KATRINA/DAY4/DAY4_A5_KATRINA_12413000.mp4,DAY4,A5_KATRINA,30.0,30.04,20.0,1408,1408,15755170,157602,previews/DAY4/026.jpg,https://huggingface.co/datasets/lmms-lab/EgoLife/resolve/main/A5_KATRINA/DAY4/DAY4_A5_KATRINA_12413000.mp4
A3_TASHA/DAY4/DAY4_A3_TASHA_12460000.mp4,DAY4,A3_TASHA,30.0,30.04,20.0,1408,1408,17430933,194965,previews/DAY4/027.jpg,https://huggingface.co/datasets/lmms-lab/EgoLife/resolve/main/A3_TASHA/DAY4/DAY4_A3_TASHA_12460000.mp4
A1_JAKE/DAY4/DAY4_A1_JAKE_12540000.mp4,DAY4,A1_JAKE,30.0,30.0,20.0,1408,1408,10883810,201442,previews/DAY4/028.jpg,https://huggingface.co/datasets/lmms-lab/EgoLife/resolve/main/A1_JAKE/DAY4/DAY4_A1_JAKE_12540000.mp4
A2_ALICE/DAY4/DAY4_A2_ALICE_12550000.mp4,DAY4,A2_ALICE,30.0,30.0,20.0,1408,1408,15200171,192427,previews/DAY4/029.jpg,https://huggingface.co/datasets/lmms-lab/EgoLife/resolve/main/A2_ALICE/DAY4/DAY4_A2_ALICE_12550000.mp4
A6_SHURE/DAY4/DAY4_A6_SHURE_12593000.mp4,DAY4,A6_SHURE,30.0,30.0,20.0,1408,1408,6220898,191586,previews/DAY4/030.jpg,https://huggingface.co/datasets/lmms-lab/EgoLife/resolve/main/A6_SHURE/DAY4/DAY4_A6_SHURE_12593000.mp4
A5_KATRINA/DAY4/DAY4_A5_KATRINA_13030000.mp4,DAY4,A5_KATRINA,30.0,30.04,20.0,1408,1408,15537042,267154,previews/DAY4/031.jpg,https://huggingface.co/datasets/lmms-lab/EgoLife/resolve/main/A5_KATRINA/DAY4/DAY4_A5_KATRINA_13030000.mp4
A3_TASHA/DAY4/DAY4_A3_TASHA_13123000.mp4,DAY4,A3_TASHA,30.0,30.04,20.0,1408,1408,14536516,249668,previews/DAY4/032.jpg,https://huggingface.co/datasets/lmms-lab/EgoLife/resolve/main/A3_TASHA/DAY4/DAY4_A3_TASHA_13123000.mp4
A2_ALICE/DAY4/DAY4_A2_ALICE_13143000.mp4,DAY4,A2_ALICE,30.0,30.04,20.0,1408,1408,15736747,270251,previews/DAY4/033.jpg,https://huggingface.co/datasets/lmms-lab/EgoLife/resolve/main/A2_ALICE/DAY4/DAY4_A2_ALICE_13143000.mp4
A1_JAKE/DAY4/DAY4_A1_JAKE_13220000.mp4,DAY4,A1_JAKE,30.0,30.0,20.0,1408,1408,10398129,240049,previews/DAY4/034.jpg,https://huggingface.co/datasets/lmms-lab/EgoLife/resolve/main/A1_JAKE/DAY4/DAY4_A1_JAKE_13220000.mp4
A5_KATRINA/DAY4/DAY4_A5_KATRINA_13250000.mp4,DAY4,A5_KATRINA,30.0,30.04,20.0,1408,1408,12275972,151812,previews/DAY4/035.jpg,https://huggingface.co/datasets/lmms-lab/EgoLife/resolve/main/A5_KATRINA/DAY4/DAY4_A5_KATRINA_13250000.mp4
A6_SHURE/DAY4/DAY4_A6_SHURE_13283000.mp4,DAY4,A6_SHURE,30.0,30.04,20.0,1408,1408,13391766,219030,previews/DAY4/036.jpg,https://huggingface.co/datasets/lmms-lab/EgoLife/resolve/main/A6_SHURE/DAY4/DAY4_A6_SHURE_13283000.mp4
A2_ALICE/DAY4/DAY4_A2_ALICE_13333000.mp4,DAY4,A2_ALICE,30.0,30.0,20.0,1408,1408,13606956,237612,previews/DAY4/037.jpg,https://huggingface.co/datasets/lmms-lab/EgoLife/resolve/main/A2_ALICE/DAY4/DAY4_A2_ALICE_13333000.mp4
A4_LUCIA/DAY4/DAY4_A4_LUCIA_13363000.mp4,DAY4,A4_LUCIA,30.0,30.0,20.0,1408,1408,15568372,167412,previews/DAY4/038.jpg,https://huggingface.co/datasets/lmms-lab/EgoLife/resolve/main/A4_LUCIA/DAY4/DAY4_A4_LUCIA_13363000.mp4
A3_TASHA/DAY4/DAY4_A3_TASHA_13390000.mp4,DAY4,A3_TASHA,30.0,30.04,20.0,1408,1408,12235921,177297,previews/DAY4/039.jpg,https://huggingface.co/datasets/lmms-lab/EgoLife/resolve/main/A3_TASHA/DAY4/DAY4_A3_TASHA_13390000.mp4
A5_KATRINA/DAY4/DAY4_A5_KATRINA_15360000.mp4,DAY4,A5_KATRINA,30.0,30.04,20.0,1408,1408,12146742,153654,previews/DAY4/040.jpg,https://huggingface.co/datasets/lmms-lab/EgoLife/resolve/main/A5_KATRINA/DAY4/DAY4_A5_KATRINA_15360000.mp4
A1_JAKE/DAY4/DAY4_A1_JAKE_15380000.mp4,DAY4,A1_JAKE,30.0,30.0,20.0,1408,1408,20063957,206549,previews/DAY4/041.jpg,https://huggingface.co/datasets/lmms-lab/EgoLife/resolve/main/A1_JAKE/DAY4/DAY4_A1_JAKE_15380000.mp4
A4_LUCIA/DAY4/DAY4_A4_LUCIA_15450000.mp4,DAY4,A4_LUCIA,30.0,30.0,20.0,1408,1408,16332836,276516,previews/DAY4/042.jpg,https://huggingface.co/datasets/lmms-lab/EgoLife/resolve/main/A4_LUCIA/DAY4/DAY4_A4_LUCIA_15450000.mp4
A6_SHURE/DAY4/DAY4_A6_SHURE_15460000.mp4,DAY4,A6_SHURE,30.0,30.04,20.0,1408,1408,16094089,168841,previews/DAY4/043.jpg,https://huggingface.co/datasets/lmms-lab/EgoLife/resolve/main/A6_SHURE/DAY4/DAY4_A6_SHURE_15460000.mp4
A3_TASHA/DAY4/DAY4_A3_TASHA_15530000.mp4,DAY4,A3_TASHA,30.0,30.0,20.0,1408,1408,18466815,247807,previews/DAY4/044.jpg,https://huggingface.co/datasets/lmms-lab/EgoLife/resolve/main/A3_TASHA/DAY4/DAY4_A3_TASHA_15530000.mp4
A5_KATRINA/DAY4/DAY4_A5_KATRINA_15580000.mp4,DAY4,A5_KATRINA,30.0,30.0,20.0,1408,1408,17040475,263259,previews/DAY4/045.jpg,https://huggingface.co/datasets/lmms-lab/EgoLife/resolve/main/A5_KATRINA/DAY4/DAY4_A5_KATRINA_15580000.mp4
A4_LUCIA/DAY4/DAY4_A4_LUCIA_16043000.mp4,DAY4,A4_LUCIA,30.0,30.0,20.0,1408,1408,18313561,225625,previews/DAY4/046.jpg,https://huggingface.co/datasets/lmms-lab/EgoLife/resolve/main/A4_LUCIA/DAY4/DAY4_A4_LUCIA_16043000.mp4
A1_JAKE/DAY4/DAY4_A1_JAKE_16060000.mp4,DAY4,A1_JAKE,30.0,30.0,20.0,1408,1408,16722469,207397,previews/DAY4/047.jpg,https://huggingface.co/datasets/lmms-lab/EgoLife/resolve/main/A1_JAKE/DAY4/DAY4_A1_JAKE_16060000.mp4
A6_SHURE/DAY4/DAY4_A6_SHURE_16150000.mp4,DAY4,A6_SHURE,30.0,30.04,20.0,1408,1408,16351135,163743,previews/DAY4/048.jpg,https://huggingface.co/datasets/lmms-lab/EgoLife/resolve/main/A6_SHURE/DAY4/DAY4_A6_SHURE_16150000.mp4
A3_TASHA/DAY4/DAY4_A3_TASHA_16193000.mp4,DAY4,A3_TASHA,30.0,30.0,20.0,1408,1408,20437334,252246,previews/DAY4/049.jpg,https://huggingface.co/datasets/lmms-lab/EgoLife/resolve/main/A3_TASHA/DAY4/DAY4_A3_TASHA_16193000.mp4
A5_KATRINA/DAY4/DAY4_A5_KATRINA_16200000.mp4,DAY4,A5_KATRINA,30.0,30.04,20.0,1408,1408,16995732,218516,previews/DAY4/050.jpg,https://huggingface.co/datasets/lmms-lab/EgoLife/resolve/main/A5_KATRINA/DAY4/DAY4_A5_KATRINA_16200000.mp4
A4_LUCIA/DAY4/DAY4_A4_LUCIA_16243000.mp4,DAY4,A4_LUCIA,30.0,30.0,20.0,1408,1408,19623756,159564,previews/DAY4/051.jpg,https://huggingface.co/datasets/lmms-lab/EgoLife/resolve/main/A4_LUCIA/DAY4/DAY4_A4_LUCIA_16243000.mp4
A1_JAKE/DAY4/DAY4_A1_JAKE_16340000.mp4,DAY4,A1_JAKE,30.0,30.0,20.0,1408,1408,14128893,235261,previews/DAY4/052.jpg,https://huggingface.co/datasets/lmms-lab/EgoLife/resolve/main/A1_JAKE/DAY4/DAY4_A1_JAKE_16340000.mp4
A5_KATRINA/DAY4/DAY4_A5_KATRINA_16413000.mp4,DAY4,A5_KATRINA,30.05,30.05,20.0,1408,1408,13099699,189107,previews/DAY4/053.jpg,https://huggingface.co/datasets/lmms-lab/EgoLife/resolve/main/A5_KATRINA/DAY4/DAY4_A5_KATRINA_16413000.mp4
A6_SHURE/DAY4/DAY4_A6_SHURE_16440000.mp4,DAY4,A6_SHURE,30.05,30.05,20.0,1408,1408,13901626,204602,previews/DAY4/054.jpg,https://huggingface.co/datasets/lmms-lab/EgoLife/resolve/main/A6_SHURE/DAY4/DAY4_A6_SHURE_16440000.mp4
A4_LUCIA/DAY4/DAY4_A4_LUCIA_16443000.mp4,DAY4,A4_LUCIA,30.0,30.0,20.0,1408,1408,16688039,238503,previews/DAY4/055.jpg,https://huggingface.co/datasets/lmms-lab/EgoLife/resolve/main/A4_LUCIA/DAY4/DAY4_A4_LUCIA_16443000.mp4
A1_JAKE/DAY4/DAY4_A1_JAKE_17020000.mp4,DAY4,A1_JAKE,30.0,30.0,20.0,1408,1408,18547664,263120,previews/DAY4/056.jpg,https://huggingface.co/datasets/lmms-lab/EgoLife/resolve/main/A1_JAKE/DAY4/DAY4_A1_JAKE_17020000.mp4
A4_LUCIA/DAY4/DAY4_A4_LUCIA_17040000.mp4,DAY4,A4_LUCIA,30.0,30.0,20.0,1408,1408,16843270,197126,previews/DAY4/057.jpg,https://huggingface.co/datasets/lmms-lab/EgoLife/resolve/main/A4_LUCIA/DAY4/DAY4_A4_LUCIA_17040000.mp4
A3_TASHA/DAY4/DAY4_A3_TASHA_17040504.mp4,DAY4,A3_TASHA,24.8,24.8,20.0,1408,1408,12646707,260403,previews/DAY4/058.jpg,https://huggingface.co/datasets/lmms-lab/EgoLife/resolve/main/A3_TASHA/DAY4/DAY4_A3_TASHA_17040504.mp4
A6_SHURE/DAY4/DAY4_A6_SHURE_17223000.mp4,DAY4,A6_SHURE,30.0,30.04,20.0,1408,1408,15409609,270793,previews/DAY4/059.jpg,https://huggingface.co/datasets/lmms-lab/EgoLife/resolve/main/A6_SHURE/DAY4/DAY4_A6_SHURE_17223000.mp4
A4_LUCIA/DAY4/DAY4_A4_LUCIA_17240000.mp4,DAY4,A4_LUCIA,30.0,30.0,20.0,1408,1408,16490126,171662,previews/DAY4/060.jpg,https://huggingface.co/datasets/lmms-lab/EgoLife/resolve/main/A4_LUCIA/DAY4/DAY4_A4_LUCIA_17240000.mp4
A5_KATRINA/DAY4/DAY4_A5_KATRINA_17280000.mp4,DAY4,A5_KATRINA,30.0,30.0,20.0,1408,1408,12562517,176213,previews/DAY4/061.jpg,https://huggingface.co/datasets/lmms-lab/EgoLife/resolve/main/A5_KATRINA/DAY4/DAY4_A5_KATRINA_17280000.mp4
A1_JAKE/DAY4/DAY4_A1_JAKE_17300000.mp4,DAY4,A1_JAKE,30.0,30.04,20.0,1408,1408,14993679,182543,previews/DAY4/062.jpg,https://huggingface.co/datasets/lmms-lab/EgoLife/resolve/main/A1_JAKE/DAY4/DAY4_A1_JAKE_17300000.mp4
A3_TASHA/DAY4/DAY4_A3_TASHA_17303000.mp4,DAY4,A3_TASHA,30.0,30.0,20.0,1408,1408,9332738,223234,previews/DAY4/063.jpg,https://huggingface.co/datasets/lmms-lab/EgoLife/resolve/main/A3_TASHA/DAY4/DAY4_A3_TASHA_17303000.mp4
A4_LUCIA/DAY4/DAY4_A4_LUCIA_17433000.mp4,DAY4,A4_LUCIA,30.0,30.04,20.0,1408,1408,16948910,171694,previews/DAY4/064.jpg,https://huggingface.co/datasets/lmms-lab/EgoLife/resolve/main/A4_LUCIA/DAY4/DAY4_A4_LUCIA_17433000.mp4
A6_SHURE/DAY4/DAY4_A6_SHURE_17513000.mp4,DAY4,A6_SHURE,30.0,30.04,20.0,1408,1408,13215219,173555,previews/DAY4/065.jpg,https://huggingface.co/datasets/lmms-lab/EgoLife/resolve/main/A6_SHURE/DAY4/DAY4_A6_SHURE_17513000.mp4
A3_TASHA/DAY4/DAY4_A3_TASHA_17563000.mp4,DAY4,A3_TASHA,30.0,30.0,20.0,1408,1408,21295544,258488,previews/DAY4/066.jpg,https://huggingface.co/datasets/lmms-lab/EgoLife/resolve/main/A3_TASHA/DAY4/DAY4_A3_TASHA_17563000.mp4
A1_JAKE/DAY4/DAY4_A1_JAKE_17580000.mp4,DAY4,A1_JAKE,30.0,30.0,20.0,1408,1408,16425960,238568,previews/DAY4/067.jpg,https://huggingface.co/datasets/lmms-lab/EgoLife/resolve/main/A1_JAKE/DAY4/DAY4_A1_JAKE_17580000.mp4
A4_LUCIA/DAY4/DAY4_A4_LUCIA_18033000.mp4,DAY4,A4_LUCIA,30.0,30.04,20.0,1408,1408,16529252,210788,previews/DAY4/068.jpg,https://huggingface.co/datasets/lmms-lab/EgoLife/resolve/main/A4_LUCIA/DAY4/DAY4_A4_LUCIA_18033000.mp4
A6_SHURE/DAY4/DAY4_A6_SHURE_18203000.mp4,DAY4,A6_SHURE,30.0,30.04,20.0,1408,1408,15194776,252568,previews/DAY4/069.jpg,https://huggingface.co/datasets/lmms-lab/EgoLife/resolve/main/A6_SHURE/DAY4/DAY4_A6_SHURE_18203000.mp4
A3_TASHA/DAY4/DAY4_A3_TASHA_18230000.mp4,DAY4,A3_TASHA,30.0,30.0,20.0,1408,1408,16245946,255162,previews/DAY4/070.jpg,https://huggingface.co/datasets/lmms-lab/EgoLife/resolve/main/A3_TASHA/DAY4/DAY4_A3_TASHA_18230000.mp4
A4_LUCIA/DAY4/DAY4_A4_LUCIA_18233000.mp4,DAY4,A4_LUCIA,30.0,30.0,20.0,1408,1408,18379594,226122,previews/DAY4/071.jpg,https://huggingface.co/datasets/lmms-lab/EgoLife/resolve/main/A4_LUCIA/DAY4/DAY4_A4_LUCIA_18233000.mp4
A1_JAKE/DAY4/DAY4_A1_JAKE_18260000.mp4,DAY4,A1_JAKE,30.0,30.0,20.0,1408,1408,13400085,227349,previews/DAY4/072.jpg,https://huggingface.co/datasets/lmms-lab/EgoLife/resolve/main/A1_JAKE/DAY4/DAY4_A1_JAKE_18260000.mp4
A4_LUCIA/DAY4/DAY4_A4_LUCIA_18430000.mp4,DAY4,A4_LUCIA,30.0,30.04,20.0,1408,1408,18612299,196683,previews/DAY4/073.jpg,https://huggingface.co/datasets/lmms-lab/EgoLife/resolve/main/A4_LUCIA/DAY4/DAY4_A4_LUCIA_18430000.mp4
A3_TASHA/DAY4/DAY4_A3_TASHA_18493000.mp4,DAY4,A3_TASHA,30.0,30.0,20.0,1408,1408,18213123,256259,previews/DAY4/074.jpg,https://huggingface.co/datasets/lmms-lab/EgoLife/resolve/main/A3_TASHA/DAY4/DAY4_A3_TASHA_18493000.mp4
A6_SHURE/DAY4/DAY4_A6_SHURE_18493000.mp4,DAY4,A6_SHURE,30.0,30.0,20.0,1408,1408,22348601,262969,previews/DAY4/075.jpg,https://huggingface.co/datasets/lmms-lab/EgoLife/resolve/main/A6_SHURE/DAY4/DAY4_A6_SHURE_18493000.mp4
A2_ALICE/DAY4/DAY4_A2_ALICE_18503000.mp4,DAY4,A2_ALICE,30.0,30.0,20.0,1408,1408,18290907,268507,previews/DAY4/076.jpg,https://huggingface.co/datasets/lmms-lab/EgoLife/resolve/main/A2_ALICE/DAY4/DAY4_A2_ALICE_18503000.mp4
A2_ALICE/DAY4/DAY4_A2_ALICE_19093000.mp4,DAY4,A2_ALICE,10.75,10.75,20.0,1408,1408,6889915,205243,previews/DAY4/077.jpg,https://huggingface.co/datasets/lmms-lab/EgoLife/resolve/main/A2_ALICE/DAY4/DAY4_A2_ALICE_19093000.mp4
A5_KATRINA/DAY4/DAY4_A5_KATRINA_20460000.mp4,DAY4,A5_KATRINA,30.0,30.0,20.0,1408,1408,19139603,199699,previews/DAY4/078.jpg,https://huggingface.co/datasets/lmms-lab/EgoLife/resolve/main/A5_KATRINA/DAY4/DAY4_A5_KATRINA_20460000.mp4
A1_JAKE/DAY4/DAY4_A1_JAKE_20463000.mp4,DAY4,A1_JAKE,30.0,30.0,20.0,1408,1408,20199943,276999,previews/DAY4/079.jpg,https://huggingface.co/datasets/lmms-lab/EgoLife/resolve/main/A1_JAKE/DAY4/DAY4_A1_JAKE_20463000.mp4
A6_SHURE/DAY4/DAY4_A6_SHURE_20470000.mp4,DAY4,A6_SHURE,30.0,30.0,20.0,1408,1408,17181978,208154,previews/DAY4/080.jpg,https://huggingface.co/datasets/lmms-lab/EgoLife/resolve/main/A6_SHURE/DAY4/DAY4_A6_SHURE_20470000.mp4
A2_ALICE/DAY4/DAY4_A2_ALICE_20580000.mp4,DAY4,A2_ALICE,30.0,30.0,20.0,1408,1408,13741925,241509,previews/DAY4/081.jpg,https://huggingface.co/datasets/lmms-lab/EgoLife/resolve/main/A2_ALICE/DAY4/DAY4_A2_ALICE_20580000.mp4
A5_KATRINA/DAY4/DAY4_A5_KATRINA_21080000.mp4,DAY4,A5_KATRINA,30.0,30.0,20.0,1408,1408,22075121,251633,previews/DAY4/082.jpg,https://huggingface.co/datasets/lmms-lab/EgoLife/resolve/main/A5_KATRINA/DAY4/DAY4_A5_KATRINA_21080000.mp4
A3_TASHA/DAY4/DAY4_A3_TASHA_21140000.mp4,DAY4,A3_TASHA,30.0,30.0,20.0,1408,1408,20663735,216503,previews/DAY4/083.jpg,https://huggingface.co/datasets/lmms-lab/EgoLife/resolve/main/A3_TASHA/DAY4/DAY4_A3_TASHA_21140000.mp4
A1_JAKE/DAY4/DAY4_A1_JAKE_21143000.mp4,DAY4,A1_JAKE,30.0,30.04,20.0,1408,1408,15570248,169288,previews/DAY4/084.jpg,https://huggingface.co/datasets/lmms-lab/EgoLife/resolve/main/A1_JAKE/DAY4/DAY4_A1_JAKE_21143000.mp4
A6_SHURE/DAY4/DAY4_A6_SHURE_21160000.mp4,DAY4,A6_SHURE,30.0,30.0,20.0,1408,1408,19676686,278030,previews/DAY4/085.jpg,https://huggingface.co/datasets/lmms-lab/EgoLife/resolve/main/A6_SHURE/DAY4/DAY4_A6_SHURE_21160000.mp4
A2_ALICE/DAY4/DAY4_A2_ALICE_21173000.mp4,DAY4,A2_ALICE,30.0,30.0,20.0,1408,1408,14773819,159291,previews/DAY4/086.jpg,https://huggingface.co/datasets/lmms-lab/EgoLife/resolve/main/A2_ALICE/DAY4/DAY4_A2_ALICE_21173000.mp4
A5_KATRINA/DAY4/DAY4_A5_KATRINA_21300000.mp4,DAY4,A5_KATRINA,30.0,30.0,20.0,1408,1408,22473537,256833,previews/DAY4/087.jpg,https://huggingface.co/datasets/lmms-lab/EgoLife/resolve/main/A5_KATRINA/DAY4/DAY4_A5_KATRINA_21300000.mp4
A2_ALICE/DAY4/DAY4_A2_ALICE_21363000.mp4,DAY4,A2_ALICE,30.0,30.0,20.0,1408,1408,11541515,203787,previews/DAY4/088.jpg,https://huggingface.co/datasets/lmms-lab/EgoLife/resolve/main/A2_ALICE/DAY4/DAY4_A2_ALICE_21363000.mp4
A3_TASHA/DAY4/DAY4_A3_TASHA_21400000.mp4,DAY4,A3_TASHA,30.0,30.04,20.0,1408,1408,16796118,215510,previews/DAY4/089.jpg,https://huggingface.co/datasets/lmms-lab/EgoLife/resolve/main/A3_TASHA/DAY4/DAY4_A3_TASHA_21400000.mp4
A1_JAKE/DAY4/DAY4_A1_JAKE_21423000.mp4,DAY4,A1_JAKE,30.0,30.0,20.0,1408,1408,20614526,232830,previews/DAY4/090.jpg,https://huggingface.co/datasets/lmms-lab/EgoLife/resolve/main/A1_JAKE/DAY4/DAY4_A1_JAKE_21423000.mp4
A6_SHURE/DAY4/DAY4_A6_SHURE_21450000.mp4,DAY4,A6_SHURE,30.0,30.04,20.0,1408,1408,16519357,266429,previews/DAY4/091.jpg,https://huggingface.co/datasets/lmms-lab/EgoLife/resolve/main/A6_SHURE/DAY4/DAY4_A6_SHURE_21450000.mp4
A5_KATRINA/DAY4/DAY4_A5_KATRINA_21513000.mp4,DAY4,A5_KATRINA,30.0,30.0,20.0,1408,1408,20414396,229308,previews/DAY4/092.jpg,https://huggingface.co/datasets/lmms-lab/EgoLife/resolve/main/A5_KATRINA/DAY4/DAY4_A5_KATRINA_21513000.mp4
A4_LUCIA/DAY4/DAY4_A4_LUCIA_21550000.mp4,DAY4,A4_LUCIA,30.0,30.04,20.0,1408,1408,18870265,258041,previews/DAY4/093.jpg,https://huggingface.co/datasets/lmms-lab/EgoLife/resolve/main/A4_LUCIA/DAY4/DAY4_A4_LUCIA_21550000.mp4
A2_ALICE/DAY4/DAY4_A2_ALICE_21560000.mp4,DAY4,A2_ALICE,30.0,30.0,20.0,1408,1408,18748535,267383,previews/DAY4/094.jpg,https://huggingface.co/datasets/lmms-lab/EgoLife/resolve/main/A2_ALICE/DAY4/DAY4_A2_ALICE_21560000.mp4
A3_TASHA/DAY4/DAY4_A3_TASHA_22063000.mp4,DAY4,A3_TASHA,30.0,30.0,20.0,1408,1408,19533953,266369,previews/DAY4/095.jpg,https://huggingface.co/datasets/lmms-lab/EgoLife/resolve/main/A3_TASHA/DAY4/DAY4_A3_TASHA_22063000.mp4
A1_JAKE/DAY4/DAY4_A1_JAKE_22103000.mp4,DAY4,A1_JAKE,30.0,30.0,20.0,1408,1408,18378284,224812,previews/DAY4/096.jpg,https://huggingface.co/datasets/lmms-lab/EgoLife/resolve/main/A1_JAKE/DAY4/DAY4_A1_JAKE_22103000.mp4
A5_KATRINA/DAY4/DAY4_A5_KATRINA_22133000.mp4,DAY4,A5_KATRINA,30.0,30.04,20.0,1408,1408,16206330,150010,previews/DAY4/097.jpg,https://huggingface.co/datasets/lmms-lab/EgoLife/resolve/main/A5_KATRINA/DAY4/DAY4_A5_KATRINA_22133000.mp4
A6_SHURE/DAY4/DAY4_A6_SHURE_22140000.mp4,DAY4,A6_SHURE,30.0,30.04,20.0,1408,1408,18019949,194157,previews/DAY4/098.jpg,https://huggingface.co/datasets/lmms-lab/EgoLife/resolve/main/A6_SHURE/DAY4/DAY4_A6_SHURE_22140000.mp4
A2_ALICE/DAY4/DAY4_A2_ALICE_22150000.mp4,DAY4,A2_ALICE,30.0,30.0,20.0,1408,1408,19836460,241196,previews/DAY4/099.jpg,https://huggingface.co/datasets/lmms-lab/EgoLife/resolve/main/A2_ALICE/DAY4/DAY4_A2_ALICE_22150000.mp4
A4_LUCIA/DAY4/DAY4_A4_LUCIA_22150000.mp4,DAY4,A4_LUCIA,30.0,30.0,20.0,1408,1408,18374471,220999,previews/DAY4/100.jpg,https://huggingface.co/datasets/lmms-lab/EgoLife/resolve/main/A4_LUCIA/DAY4/DAY4_A4_LUCIA_22150000.mp4
A1_JAKE/DAY5/DAY5_A1_JAKE_11140000.mp4,DAY5,A1_JAKE,30.0,30.0,20.0,1408,1408,13798797,167309,previews/DAY5/001.jpg,https://huggingface.co/datasets/lmms-lab/EgoLife/resolve/main/A1_JAKE/DAY5/DAY5_A1_JAKE_11140000.mp4
A6_SHURE/DAY5/DAY5_A6_SHURE_11163000.mp4,DAY5,A6_SHURE,30.0,30.0,20.0,1408,1408,9577896,206248,previews/DAY5/002.jpg,https://huggingface.co/datasets/lmms-lab/EgoLife/resolve/main/A6_SHURE/DAY5/DAY5_A6_SHURE_11163000.mp4
A2_ALICE/DAY5/DAY5_A2_ALICE_11253000.mp4,DAY5,A2_ALICE,30.0,30.0,20.0,1408,1408,15389230,250414,previews/DAY5/003.jpg,https://huggingface.co/datasets/lmms-lab/EgoLife/resolve/main/A2_ALICE/DAY5/DAY5_A2_ALICE_11253000.mp4
A6_SHURE/DAY5/DAY5_A6_SHURE_11373000.mp4,DAY5,A6_SHURE,30.0,30.0,20.0,1408,1408,15890967,162327,previews/DAY5/004.jpg,https://huggingface.co/datasets/lmms-lab/EgoLife/resolve/main/A6_SHURE/DAY5/DAY5_A6_SHURE_11373000.mp4
A1_JAKE/DAY5/DAY5_A1_JAKE_11420000.mp4,DAY5,A1_JAKE,30.0,30.0,20.0,1408,1408,12038961,176945,previews/DAY5/005.jpg,https://huggingface.co/datasets/lmms-lab/EgoLife/resolve/main/A1_JAKE/DAY5/DAY5_A1_JAKE_11420000.mp4
A2_ALICE/DAY5/DAY5_A2_ALICE_11453000.mp4,DAY5,A2_ALICE,30.0,30.0,20.0,1408,1408,12562296,175992,previews/DAY5/006.jpg,https://huggingface.co/datasets/lmms-lab/EgoLife/resolve/main/A2_ALICE/DAY5/DAY5_A2_ALICE_11453000.mp4
A4_LUCIA/DAY5/DAY5_A4_LUCIA_11463000.mp4,DAY5,A4_LUCIA,30.0,30.0,20.0,1408,1408,14223635,264467,previews/DAY5/007.jpg,https://huggingface.co/datasets/lmms-lab/EgoLife/resolve/main/A4_LUCIA/DAY5/DAY5_A4_LUCIA_11463000.mp4
A3_TASHA/DAY5/DAY5_A3_TASHA_11473000.mp4,DAY5,A3_TASHA,30.0,30.0,20.0,1408,1408,15433144,163256,previews/DAY5/008.jpg,https://huggingface.co/datasets/lmms-lab/EgoLife/resolve/main/A3_TASHA/DAY5/DAY5_A3_TASHA_11473000.mp4
A5_KATRINA/DAY5/DAY5_A5_KATRINA_11503000.mp4,DAY5,A5_KATRINA,30.0,30.0,20.0,1408,1408,19930182,203846,previews/DAY5/009.jpg,https://huggingface.co/datasets/lmms-lab/EgoLife/resolve/main/A5_KATRINA/DAY5/DAY5_A5_KATRINA_11503000.mp4
A6_SHURE/DAY5/DAY5_A6_SHURE_11583000.mp4,DAY5,A6_SHURE,30.0,30.04,20.0,1408,1408,15630115,229155,previews/DAY5/010.jpg,https://huggingface.co/datasets/lmms-lab/EgoLife/resolve/main/A6_SHURE/DAY5/DAY5_A6_SHURE_11583000.mp4
A2_ALICE/DAY5/DAY5_A2_ALICE_12050000.mp4,DAY5,A2_ALICE,30.05,30.05,20.0,1408,1408,13479104,240832,previews/DAY5/011.jpg,https://huggingface.co/datasets/lmms-lab/EgoLife/resolve/main/A2_ALICE/DAY5/DAY5_A2_ALICE_12050000.mp4
A3_TASHA/DAY5/DAY5_A3_TASHA_12053000.mp4,DAY5,A3_TASHA,30.0,30.0,20.0,1408,1408,7632687,161583,previews/DAY5/012.jpg,https://huggingface.co/datasets/lmms-lab/EgoLife/resolve/main/A3_TASHA/DAY5/DAY5_A3_TASHA_12053000.mp4
A4_LUCIA/DAY5/DAY5_A4_LUCIA_12083000.mp4,DAY5,A4_LUCIA,30.0,30.04,20.0,1408,1408,15994712,200536,previews/DAY5/013.jpg,https://huggingface.co/datasets/lmms-lab/EgoLife/resolve/main/A4_LUCIA/DAY5/DAY5_A4_LUCIA_12083000.mp4
A1_JAKE/DAY5/DAY5_A1_JAKE_12100000.mp4,DAY5,A1_JAKE,30.0,30.04,20.0,1408,1408,14929937,184337,previews/DAY5/014.jpg,https://huggingface.co/datasets/lmms-lab/EgoLife/resolve/main/A1_JAKE/DAY5/DAY5_A1_JAKE_12100000.mp4
A5_KATRINA/DAY5/DAY5_A5_KATRINA_12113000.mp4,DAY5,A5_KATRINA,30.0,30.0,20.0,1408,1408,12556076,235308,previews/DAY5/015.jpg,https://huggingface.co/datasets/lmms-lab/EgoLife/resolve/main/A5_KATRINA/DAY5/DAY5_A5_KATRINA_12113000.mp4
A6_SHURE/DAY5/DAY5_A6_SHURE_12193000.mp4,DAY5,A6_SHURE,30.0,30.04,20.0,1408,1408,11365549,158893,previews/DAY5/016.jpg,https://huggingface.co/datasets/lmms-lab/EgoLife/resolve/main/A6_SHURE/DAY5/DAY5_A6_SHURE_12193000.mp4
A3_TASHA/DAY5/DAY5_A3_TASHA_12230000.mp4,DAY5,A3_TASHA,30.0,30.04,20.0,1408,1408,11721911,187575,previews/DAY5/017.jpg,https://huggingface.co/datasets/lmms-lab/EgoLife/resolve/main/A3_TASHA/DAY5/DAY5_A3_TASHA_12230000.mp4
A2_ALICE/DAY5/DAY5_A2_ALICE_12250000.mp4,DAY5,A2_ALICE,30.0,30.0,20.0,1408,1408,12659058,207218,previews/DAY5/018.jpg,https://huggingface.co/datasets/lmms-lab/EgoLife/resolve/main/A2_ALICE/DAY5/DAY5_A2_ALICE_12250000.mp4
A4_LUCIA/DAY5/DAY5_A4_LUCIA_12303000.mp4,DAY5,A4_LUCIA,30.0,30.0,20.0,1408,1408,13327398,154662,previews/DAY5/019.jpg,https://huggingface.co/datasets/lmms-lab/EgoLife/resolve/main/A4_LUCIA/DAY5/DAY5_A4_LUCIA_12303000.mp4
A5_KATRINA/DAY5/DAY5_A5_KATRINA_12323000.mp4,DAY5,A5_KATRINA,30.0,30.0,20.0,1408,1408,14398564,308324,previews/DAY5/020.jpg,https://huggingface.co/datasets/lmms-lab/EgoLife/resolve/main/A5_KATRINA/DAY5/DAY5_A5_KATRINA_12323000.mp4
A1_JAKE/DAY5/DAY5_A1_JAKE_12373000.mp4,DAY5,A1_JAKE,30.0,30.0,20.0,1408,1408,17137516,229228,previews/DAY5/021.jpg,https://huggingface.co/datasets/lmms-lab/EgoLife/resolve/main/A1_JAKE/DAY5/DAY5_A1_JAKE_12373000.mp4
A5_KATRINA/DAY5/DAY5_A5_KATRINA_12530000.mp4,DAY5,A5_KATRINA,30.0,30.0,20.0,1408,1408,10812605,261309,previews/DAY5/022.jpg,https://huggingface.co/datasets/lmms-lab/EgoLife/resolve/main/A5_KATRINA/DAY5/DAY5_A5_KATRINA_12530000.mp4
A6_SHURE/DAY5/DAY5_A6_SHURE_12540000.mp4,DAY5,A6_SHURE,30.0,30.0,20.0,1408,1408,10379371,221291,previews/DAY5/023.jpg,https://huggingface.co/datasets/lmms-lab/EgoLife/resolve/main/A6_SHURE/DAY5/DAY5_A6_SHURE_12540000.mp4
A3_TASHA/DAY5/DAY5_A3_TASHA_15000000.mp4,DAY5,A3_TASHA,30.0,30.0,20.0,1408,1408,12725962,208586,previews/DAY5/024.jpg,https://huggingface.co/datasets/lmms-lab/EgoLife/resolve/main/A3_TASHA/DAY5/DAY5_A3_TASHA_15000000.mp4
A4_LUCIA/DAY5/DAY5_A4_LUCIA_15030000.mp4,DAY5,A4_LUCIA,30.0,30.0,20.0,1408,1408,21161025,255041,previews/DAY5/025.jpg,https://huggingface.co/datasets/lmms-lab/EgoLife/resolve/main/A4_LUCIA/DAY5/DAY5_A4_LUCIA_15030000.mp4
A6_SHURE/DAY5/DAY5_A6_SHURE_15040000.mp4,DAY5,A6_SHURE,30.0,30.0,20.0,1408,1408,10524666,169978,previews/DAY5/026.jpg,https://huggingface.co/datasets/lmms-lab/EgoLife/resolve/main/A6_SHURE/DAY5/DAY5_A6_SHURE_15040000.mp4
A1_JAKE/DAY5/DAY5_A1_JAKE_15050000.mp4,DAY5,A1_JAKE,30.0,30.0,20.0,1408,1408,17722489,158841,previews/DAY5/027.jpg,https://huggingface.co/datasets/lmms-lab/EgoLife/resolve/main/A1_JAKE/DAY5/DAY5_A1_JAKE_15050000.mp4
A5_KATRINA/DAY5/DAY5_A5_KATRINA_15100000.mp4,DAY5,A5_KATRINA,30.0,30.04,20.0,1408,1408,13987662,159566,previews/DAY5/028.jpg,https://huggingface.co/datasets/lmms-lab/EgoLife/resolve/main/A5_KATRINA/DAY5/DAY5_A5_KATRINA_15100000.mp4
A3_TASHA/DAY5/DAY5_A3_TASHA_15173000.mp4,DAY5,A3_TASHA,30.0,30.0,20.0,1408,1408,14161512,267880,previews/DAY5/029.jpg,https://huggingface.co/datasets/lmms-lab/EgoLife/resolve/main/A3_TASHA/DAY5/DAY5_A3_TASHA_15173000.mp4
A4_LUCIA/DAY5/DAY5_A4_LUCIA_15253000.mp4,DAY5,A4_LUCIA,30.0,30.0,20.0,1408,1408,17974620,214364,previews/DAY5/030.jpg,https://huggingface.co/datasets/lmms-lab/EgoLife/resolve/main/A4_LUCIA/DAY5/DAY5_A4_LUCIA_15253000.mp4
A6_SHURE/DAY5/DAY5_A6_SHURE_15253000.mp4,DAY5,A6_SHURE,30.0,30.04,20.0,1408,1408,16408685,155757,previews/DAY5/031.jpg,https://huggingface.co/datasets/lmms-lab/EgoLife/resolve/main/A6_SHURE/DAY5/DAY5_A6_SHURE_15253000.mp4
A5_KATRINA/DAY5/DAY5_A5_KATRINA_15310000.mp4,DAY5,A5_KATRINA,30.0,30.0,20.0,1408,1408,16734231,219159,previews/DAY5/032.jpg,https://huggingface.co/datasets/lmms-lab/EgoLife/resolve/main/A5_KATRINA/DAY5/DAY5_A5_KATRINA_15310000.mp4
A1_JAKE/DAY5/DAY5_A1_JAKE_15330000.mp4,DAY5,A1_JAKE,27.35,27.35,20.0,1408,1408,16698371,248835,previews/DAY5/033.jpg,https://huggingface.co/datasets/lmms-lab/EgoLife/resolve/main/A1_JAKE/DAY5/DAY5_A1_JAKE_15330000.mp4
A3_TASHA/DAY5/DAY5_A3_TASHA_15350000.mp4,DAY5,A3_TASHA,4.05,4.05,20.0,1408,1408,2900441,147929,previews/DAY5/034.jpg,https://huggingface.co/datasets/lmms-lab/EgoLife/resolve/main/A3_TASHA/DAY5/DAY5_A3_TASHA_15350000.mp4
A2_ALICE/DAY5/DAY5_A2_ALICE_15440000.mp4,DAY5,A2_ALICE,30.0,30.0,20.0,1408,1408,7567705,162137,previews/DAY5/035.jpg,https://huggingface.co/datasets/lmms-lab/EgoLife/resolve/main/A2_ALICE/DAY5/DAY5_A2_ALICE_15440000.mp4
A2_ALICE/DAY5/DAY5_A2_ALICE_16040000.mp4,DAY5,A2_ALICE,30.0,30.0,20.0,1408,1408,17305668,200772,previews/DAY5/036.jpg,https://huggingface.co/datasets/lmms-lab/EgoLife/resolve/main/A2_ALICE/DAY5/DAY5_A2_ALICE_16040000.mp4
A4_LUCIA/DAY5/DAY5_A4_LUCIA_16053000.mp4,DAY5,A4_LUCIA,30.0,30.0,20.0,1408,1408,24785626,275162,previews/DAY5/037.jpg,https://huggingface.co/datasets/lmms-lab/EgoLife/resolve/main/A4_LUCIA/DAY5/DAY5_A4_LUCIA_16053000.mp4
A6_SHURE/DAY5/DAY5_A6_SHURE_16083000.mp4,DAY5,A6_SHURE,30.0,30.04,20.0,1408,1408,20433287,248199,previews/DAY5/038.jpg,https://huggingface.co/datasets/lmms-lab/EgoLife/resolve/main/A6_SHURE/DAY5/DAY5_A6_SHURE_16083000.mp4
A3_TASHA/DAY5/DAY5_A3_TASHA_16090000.mp4,DAY5,A3_TASHA,30.0,30.0,20.0,1408,1408,24363828,312116,previews/DAY5/039.jpg,https://huggingface.co/datasets/lmms-lab/EgoLife/resolve/main/A3_TASHA/DAY5/DAY5_A3_TASHA_16090000.mp4
A5_KATRINA/DAY5/DAY5_A5_KATRINA_16133000.mp4,DAY5,A5_KATRINA,30.0,30.0,20.0,1408,1408,23837314,309890,previews/DAY5/040.jpg,https://huggingface.co/datasets/lmms-lab/EgoLife/resolve/main/A5_KATRINA/DAY5/DAY5_A5_KATRINA_16133000.mp4
A1_JAKE/DAY5/DAY5_A1_JAKE_16180000.mp4,DAY5,A1_JAKE,30.0,30.0,20.0,1408,1408,23380846,246638,previews/DAY5/041.jpg,https://huggingface.co/datasets/lmms-lab/EgoLife/resolve/main/A1_JAKE/DAY5/DAY5_A1_JAKE_16180000.mp4
A2_ALICE/DAY5/DAY5_A2_ALICE_16233000.mp4,DAY5,A2_ALICE,30.0,30.0,20.0,1408,1408,10632034,277346,previews/DAY5/042.jpg,https://huggingface.co/datasets/lmms-lab/EgoLife/resolve/main/A2_ALICE/DAY5/DAY5_A2_ALICE_16233000.mp4
A3_TASHA/DAY5/DAY5_A3_TASHA_16263000.mp4,DAY5,A3_TASHA,30.0,30.0,20.0,1408,1408,26912623,239471,previews/DAY5/043.jpg,https://huggingface.co/datasets/lmms-lab/EgoLife/resolve/main/A3_TASHA/DAY5/DAY5_A3_TASHA_16263000.mp4
A4_LUCIA/DAY5/DAY5_A4_LUCIA_16273000.mp4,DAY5,A4_LUCIA,30.0,30.0,20.0,1408,1408,23676709,214821,previews/DAY5/044.jpg,https://huggingface.co/datasets/lmms-lab/EgoLife/resolve/main/A4_LUCIA/DAY5/DAY5_A4_LUCIA_16273000.mp4
A6_SHURE/DAY5/DAY5_A6_SHURE_16293000.mp4,DAY5,A6_SHURE,30.0,30.0,20.0,1408,1408,20806423,228119,previews/DAY5/045.jpg,https://huggingface.co/datasets/lmms-lab/EgoLife/resolve/main/A6_SHURE/DAY5/DAY5_A6_SHURE_16293000.mp4
A5_KATRINA/DAY5/DAY5_A5_KATRINA_16343000.mp4,DAY5,A5_KATRINA,20.25,20.25,20.0,1408,1408,7987088,188304,previews/DAY5/046.jpg,https://huggingface.co/datasets/lmms-lab/EgoLife/resolve/main/A5_KATRINA/DAY5/DAY5_A5_KATRINA_16343000.mp4
A2_ALICE/DAY5/DAY5_A2_ALICE_16433000.mp4,DAY5,A2_ALICE,30.0,30.0,20.0,1408,1408,15654591,188095,previews/DAY5/047.jpg,https://huggingface.co/datasets/lmms-lab/EgoLife/resolve/main/A2_ALICE/DAY5/DAY5_A2_ALICE_16433000.mp4
A3_TASHA/DAY5/DAY5_A3_TASHA_16510000.mp4,DAY5,A3_TASHA,30.0,30.0,20.0,1408,1408,21002020,227108,previews/DAY5/048.jpg,https://huggingface.co/datasets/lmms-lab/EgoLife/resolve/main/A3_TASHA/DAY5/DAY5_A3_TASHA_16510000.mp4
A1_JAKE/DAY5/DAY5_A1_JAKE_16530000.mp4,DAY5,A1_JAKE,30.0,30.0,20.0,1408,1408,15699261,167229,previews/DAY5/049.jpg,https://huggingface.co/datasets/lmms-lab/EgoLife/resolve/main/A1_JAKE/DAY5/DAY5_A1_JAKE_16530000.mp4
A4_LUCIA/DAY5/DAY5_A4_LUCIA_18053000.mp4,DAY5,A4_LUCIA,30.0,30.0,20.0,1408,1408,19151143,276775,previews/DAY5/050.jpg,https://huggingface.co/datasets/lmms-lab/EgoLife/resolve/main/A4_LUCIA/DAY5/DAY5_A4_LUCIA_18053000.mp4
A2_ALICE/DAY5/DAY5_A2_ALICE_18090000.mp4,DAY5,A2_ALICE,30.0,30.0,20.0,1408,1408,15382036,243220,previews/DAY5/051.jpg,https://huggingface.co/datasets/lmms-lab/EgoLife/resolve/main/A2_ALICE/DAY5/DAY5_A2_ALICE_18090000.mp4
A3_TASHA/DAY5/DAY5_A3_TASHA_18123000.mp4,DAY5,A3_TASHA,30.0,30.0,20.0,1408,1408,18203674,246810,previews/DAY5/052.jpg,https://huggingface.co/datasets/lmms-lab/EgoLife/resolve/main/A3_TASHA/DAY5/DAY5_A3_TASHA_18123000.mp4
A1_JAKE/DAY5/DAY5_A1_JAKE_18230000.mp4,DAY5,A1_JAKE,30.0,30.0,20.0,1408,1408,14687379,269459,previews/DAY5/053.jpg,https://huggingface.co/datasets/lmms-lab/EgoLife/resolve/main/A1_JAKE/DAY5/DAY5_A1_JAKE_18230000.mp4
A4_LUCIA/DAY5/DAY5_A4_LUCIA_18280000.mp4,DAY5,A4_LUCIA,30.0,30.0,20.0,1408,1408,20221201,232721,previews/DAY5/054.jpg,https://huggingface.co/datasets/lmms-lab/EgoLife/resolve/main/A4_LUCIA/DAY5/DAY5_A4_LUCIA_18280000.mp4
A2_ALICE/DAY5/DAY5_A2_ALICE_18283000.mp4,DAY5,A2_ALICE,30.0,30.04,20.0,1408,1408,17731429,167781,previews/DAY5/055.jpg,https://huggingface.co/datasets/lmms-lab/EgoLife/resolve/main/A2_ALICE/DAY5/DAY5_A2_ALICE_18283000.mp4
A3_TASHA/DAY5/DAY5_A3_TASHA_18303000.mp4,DAY5,A3_TASHA,30.0,30.0,20.0,1408,1408,18244369,221969,previews/DAY5/056.jpg,https://huggingface.co/datasets/lmms-lab/EgoLife/resolve/main/A3_TASHA/DAY5/DAY5_A3_TASHA_18303000.mp4
A6_SHURE/DAY5/DAY5_A6_SHURE_18363000.mp4,DAY5,A6_SHURE,30.0,30.04,20.0,1408,1408,15600112,199152,previews/DAY5/057.jpg,https://huggingface.co/datasets/lmms-lab/EgoLife/resolve/main/A6_SHURE/DAY5/DAY5_A6_SHURE_18363000.mp4
A5_KATRINA/DAY5/DAY5_A5_KATRINA_18453000.mp4,DAY5,A5_KATRINA,30.0,30.04,20.0,1408,1408,17801491,172307,previews/DAY5/058.jpg,https://huggingface.co/datasets/lmms-lab/EgoLife/resolve/main/A5_KATRINA/DAY5/DAY5_A5_KATRINA_18453000.mp4
A3_TASHA/DAY5/DAY5_A3_TASHA_18480000.mp4,DAY5,A3_TASHA,30.0,30.0,20.0,1408,1408,19785385,255657,previews/DAY5/059.jpg,https://huggingface.co/datasets/lmms-lab/EgoLife/resolve/main/A3_TASHA/DAY5/DAY5_A3_TASHA_18480000.mp4
A2_ALICE/DAY5/DAY5_A2_ALICE_18483000.mp4,DAY5,A2_ALICE,30.0,30.0,20.0,1408,1408,19163425,223521,previews/DAY5/060.jpg,https://huggingface.co/datasets/lmms-lab/EgoLife/resolve/main/A2_ALICE/DAY5/DAY5_A2_ALICE_18483000.mp4
A4_LUCIA/DAY5/DAY5_A4_LUCIA_18500000.mp4,DAY5,A4_LUCIA,30.0,30.0,20.0,1408,1408,19047723,238891,previews/DAY5/061.jpg,https://huggingface.co/datasets/lmms-lab/EgoLife/resolve/main/A4_LUCIA/DAY5/DAY5_A4_LUCIA_18500000.mp4
A1_JAKE/DAY5/DAY5_A1_JAKE_18503000.mp4,DAY5,A1_JAKE,30.0,30.0,20.0,1408,1408,20498177,247553,previews/DAY5/062.jpg,https://huggingface.co/datasets/lmms-lab/EgoLife/resolve/main/A1_JAKE/DAY5/DAY5_A1_JAKE_18503000.mp4
A6_SHURE/DAY5/DAY5_A6_SHURE_18573000.mp4,DAY5,A6_SHURE,30.0,30.04,20.0,1408,1408,17223430,184070,previews/DAY5/063.jpg,https://huggingface.co/datasets/lmms-lab/EgoLife/resolve/main/A6_SHURE/DAY5/DAY5_A6_SHURE_18573000.mp4
A3_TASHA/DAY5/DAY5_A3_TASHA_19053000.mp4,DAY5,A3_TASHA,30.0,30.0,20.0,1408,1408,19502416,234832,previews/DAY5/064.jpg,https://huggingface.co/datasets/lmms-lab/EgoLife/resolve/main/A3_TASHA/DAY5/DAY5_A3_TASHA_19053000.mp4
A5_KATRINA/DAY5/DAY5_A5_KATRINA_19060000.mp4,DAY5,A5_KATRINA,30.0,30.0,20.0,1408,1408,30021096,333288,previews/DAY5/065.jpg,https://huggingface.co/datasets/lmms-lab/EgoLife/resolve/main/A5_KATRINA/DAY5/DAY5_A5_KATRINA_19060000.mp4
A2_ALICE/DAY5/DAY5_A2_ALICE_19080000.mp4,DAY5,A2_ALICE,30.0,30.0,20.0,1408,1408,24210962,224786,previews/DAY5/066.jpg,https://huggingface.co/datasets/lmms-lab/EgoLife/resolve/main/A2_ALICE/DAY5/DAY5_A2_ALICE_19080000.mp4
A4_LUCIA/DAY5/DAY5_A4_LUCIA_19120000.mp4,DAY5,A4_LUCIA,30.0,30.0,20.0,1408,1408,24875531,233995,previews/DAY5/067.jpg,https://huggingface.co/datasets/lmms-lab/EgoLife/resolve/main/A4_LUCIA/DAY5/DAY5_A4_LUCIA_19120000.mp4
A1_JAKE/DAY5/DAY5_A1_JAKE_19183000.mp4,DAY5,A1_JAKE,30.0,30.0,20.0,1408,1408,20906269,262429,previews/DAY5/068.jpg,https://huggingface.co/datasets/lmms-lab/EgoLife/resolve/main/A1_JAKE/DAY5/DAY5_A1_JAKE_19183000.mp4
A6_SHURE/DAY5/DAY5_A6_SHURE_19190000.mp4,DAY5,A6_SHURE,30.0,30.04,20.0,1408,1408,18144533,253205,previews/DAY5/069.jpg,https://huggingface.co/datasets/lmms-lab/EgoLife/resolve/main/A6_SHURE/DAY5/DAY5_A6_SHURE_19190000.mp4
A3_TASHA/DAY5/DAY5_A3_TASHA_19233000.mp4,DAY5,A3_TASHA,30.0,30.04,20.0,1408,1408,17345349,240453,previews/DAY5/070.jpg,https://huggingface.co/datasets/lmms-lab/EgoLife/resolve/main/A3_TASHA/DAY5/DAY5_A3_TASHA_19233000.mp4
A5_KATRINA/DAY5/DAY5_A5_KATRINA_19270000.mp4,DAY5,A5_KATRINA,30.0,30.0,20.0,1408,1408,17073577,230825,previews/DAY5/071.jpg,https://huggingface.co/datasets/lmms-lab/EgoLife/resolve/main/A5_KATRINA/DAY5/DAY5_A5_KATRINA_19270000.mp4
A2_ALICE/DAY5/DAY5_A2_ALICE_19340000.mp4,DAY5,A2_ALICE,30.0,30.0,20.0,1408,1408,18137503,246175,previews/DAY5/072.jpg,https://huggingface.co/datasets/lmms-lab/EgoLife/resolve/main/A2_ALICE/DAY5/DAY5_A2_ALICE_19340000.mp4
A4_LUCIA/DAY5/DAY5_A4_LUCIA_19340000.mp4,DAY5,A4_LUCIA,30.0,30.04,20.0,1408,1408,13261628,154428,previews/DAY5/073.jpg,https://huggingface.co/datasets/lmms-lab/EgoLife/resolve/main/A4_LUCIA/DAY5/DAY5_A4_LUCIA_19340000.mp4
A6_SHURE/DAY5/DAY5_A6_SHURE_19400000.mp4,DAY5,A6_SHURE,30.0,30.0,20.0,1408,1408,13856227,159203,previews/DAY5/074.jpg,https://huggingface.co/datasets/lmms-lab/EgoLife/resolve/main/A6_SHURE/DAY5/DAY5_A6_SHURE_19400000.mp4
A1_JAKE/DAY5/DAY5_A1_JAKE_19460000.mp4,DAY5,A1_JAKE,30.05,30.05,20.0,1408,1408,9991991,161591,previews/DAY5/075.jpg,https://huggingface.co/datasets/lmms-lab/EgoLife/resolve/main/A1_JAKE/DAY5/DAY5_A1_JAKE_19460000.mp4
A5_KATRINA/DAY5/DAY5_A5_KATRINA_19473000.mp4,DAY5,A5_KATRINA,30.0,30.0,20.0,1408,1408,12564301,177997,previews/DAY5/076.jpg,https://huggingface.co/datasets/lmms-lab/EgoLife/resolve/main/A5_KATRINA/DAY5/DAY5_A5_KATRINA_19473000.mp4
A2_ALICE/DAY5/DAY5_A2_ALICE_19533000.mp4,DAY5,A2_ALICE,30.0,30.0,20.0,1408,1408,20630860,183628,previews/DAY5/077.jpg,https://huggingface.co/datasets/lmms-lab/EgoLife/resolve/main/A2_ALICE/DAY5/DAY5_A2_ALICE_19533000.mp4
A4_LUCIA/DAY5/DAY5_A4_LUCIA_19563000.mp4,DAY5,A4_LUCIA,30.0,30.0,20.0,1408,1408,14821345,206817,previews/DAY5/078.jpg,https://huggingface.co/datasets/lmms-lab/EgoLife/resolve/main/A4_LUCIA/DAY5/DAY5_A4_LUCIA_19563000.mp4
A6_SHURE/DAY5/DAY5_A6_SHURE_20010000.mp4,DAY5,A6_SHURE,30.0,30.0,20.0,1408,1408,18637060,221444,previews/DAY5/079.jpg,https://huggingface.co/datasets/lmms-lab/EgoLife/resolve/main/A6_SHURE/DAY5/DAY5_A6_SHURE_20010000.mp4
A5_KATRINA/DAY5/DAY5_A5_KATRINA_20083000.mp4,DAY5,A5_KATRINA,30.0,30.04,20.0,1408,1408,16456360,268968,previews/DAY5/080.jpg,https://huggingface.co/datasets/lmms-lab/EgoLife/resolve/main/A5_KATRINA/DAY5/DAY5_A5_KATRINA_20083000.mp4
A2_ALICE/DAY5/DAY5_A2_ALICE_20133000.mp4,DAY5,A2_ALICE,30.0,30.04,20.0,1408,1408,18027076,201284,previews/DAY5/081.jpg,https://huggingface.co/datasets/lmms-lab/EgoLife/resolve/main/A2_ALICE/DAY5/DAY5_A2_ALICE_20133000.mp4
A1_JAKE/DAY5/DAY5_A1_JAKE_20140000.mp4,DAY5,A1_JAKE,30.0,30.04,20.0,1408,1408,18259973,237573,previews/DAY5/082.jpg,https://huggingface.co/datasets/lmms-lab/EgoLife/resolve/main/A1_JAKE/DAY5/DAY5_A1_JAKE_20140000.mp4
A4_LUCIA/DAY5/DAY5_A4_LUCIA_20183000.mp4,DAY5,A4_LUCIA,30.0,30.0,20.0,1408,1408,16283474,227154,previews/DAY5/083.jpg,https://huggingface.co/datasets/lmms-lab/EgoLife/resolve/main/A4_LUCIA/DAY5/DAY5_A4_LUCIA_20183000.mp4
A6_SHURE/DAY5/DAY5_A6_SHURE_20220000.mp4,DAY5,A6_SHURE,30.0,30.0,20.0,1408,1408,6853814,169142,previews/DAY5/084.jpg,https://huggingface.co/datasets/lmms-lab/EgoLife/resolve/main/A6_SHURE/DAY5/DAY5_A6_SHURE_20220000.mp4
A5_KATRINA/DAY5/DAY5_A5_KATRINA_20293000.mp4,DAY5,A5_KATRINA,30.0,30.0,20.0,1408,1408,19004076,260780,previews/DAY5/085.jpg,https://huggingface.co/datasets/lmms-lab/EgoLife/resolve/main/A5_KATRINA/DAY5/DAY5_A5_KATRINA_20293000.mp4
A2_ALICE/DAY5/DAY5_A2_ALICE_20330000.mp4,DAY5,A2_ALICE,30.0,30.0,20.0,1408,1408,19356279,219767,previews/DAY5/086.jpg,https://huggingface.co/datasets/lmms-lab/EgoLife/resolve/main/A2_ALICE/DAY5/DAY5_A2_ALICE_20330000.mp4
A4_LUCIA/DAY5/DAY5_A4_LUCIA_20403000.mp4,DAY5,A4_LUCIA,30.0,30.0,20.0,1408,1408,22067377,243889,previews/DAY5/087.jpg,https://huggingface.co/datasets/lmms-lab/EgoLife/resolve/main/A4_LUCIA/DAY5/DAY5_A4_LUCIA_20403000.mp4
A1_JAKE/DAY5/DAY5_A1_JAKE_20420000.mp4,DAY5,A1_JAKE,30.0,30.0,20.0,1408,1408,18627531,277451,previews/DAY5/088.jpg,https://huggingface.co/datasets/lmms-lab/EgoLife/resolve/main/A1_JAKE/DAY5/DAY5_A1_JAKE_20420000.mp4
A6_SHURE/DAY5/DAY5_A6_SHURE_20430000.mp4,DAY5,A6_SHURE,30.0,30.04,20.0,1408,1408,16370147,248291,previews/DAY5/089.jpg,https://huggingface.co/datasets/lmms-lab/EgoLife/resolve/main/A6_SHURE/DAY5/DAY5_A6_SHURE_20430000.mp4
A2_ALICE/DAY5/DAY5_A2_ALICE_20530000.mp4,DAY5,A2_ALICE,30.0,30.0,20.0,1408,1408,16805727,225119,previews/DAY5/090.jpg,https://huggingface.co/datasets/lmms-lab/EgoLife/resolve/main/A2_ALICE/DAY5/DAY5_A2_ALICE_20530000.mp4
A4_LUCIA/DAY5/DAY5_A4_LUCIA_21023000.mp4,DAY5,A4_LUCIA,30.0,30.0,20.0,1408,1408,20990624,215712,previews/DAY5/091.jpg,https://huggingface.co/datasets/lmms-lab/EgoLife/resolve/main/A4_LUCIA/DAY5/DAY5_A4_LUCIA_21023000.mp4
A6_SHURE/DAY5/DAY5_A6_SHURE_21040000.mp4,DAY5,A6_SHURE,30.0,30.0,20.0,1408,1408,16992468,149716,previews/DAY5/092.jpg,https://huggingface.co/datasets/lmms-lab/EgoLife/resolve/main/A6_SHURE/DAY5/DAY5_A6_SHURE_21040000.mp4
A3_TASHA/DAY5/DAY5_A3_TASHA_22063000.mp4,DAY5,A3_TASHA,30.0,30.07,20.0,1408,1408,12525403,270171,previews/DAY5/093.jpg,https://huggingface.co/datasets/lmms-lab/EgoLife/resolve/main/A3_TASHA/DAY5/DAY5_A3_TASHA_22063000.mp4
A1_JAKE/DAY5/DAY5_A1_JAKE_22200000.mp4,DAY5,A1_JAKE,30.0,30.0,20.0,1408,1408,19498666,165546,previews/DAY5/094.jpg,https://huggingface.co/datasets/lmms-lab/EgoLife/resolve/main/A1_JAKE/DAY5/DAY5_A1_JAKE_22200000.mp4
A3_TASHA/DAY5/DAY5_A3_TASHA_22243000.mp4,DAY5,A3_TASHA,30.0,30.07,20.0,1408,1408,13947327,184767,previews/DAY5/095.jpg,https://huggingface.co/datasets/lmms-lab/EgoLife/resolve/main/A3_TASHA/DAY5/DAY5_A3_TASHA_22243000.mp4
A5_KATRINA/DAY5/DAY5_A5_KATRINA_22260000.mp4,DAY5,A5_KATRINA,30.0,30.0,20.0,1408,1408,19379609,177561,previews/DAY5/096.jpg,https://huggingface.co/datasets/lmms-lab/EgoLife/resolve/main/A5_KATRINA/DAY5/DAY5_A5_KATRINA_22260000.mp4
A5_KATRINA/DAY5/DAY5_A5_KATRINA_22470000.mp4,DAY5,A5_KATRINA,30.0,30.0,20.0,1408,1408,17201324,227500,previews/DAY5/097.jpg,https://huggingface.co/datasets/lmms-lab/EgoLife/resolve/main/A5_KATRINA/DAY5/DAY5_A5_KATRINA_22470000.mp4
A1_JAKE/DAY5/DAY5_A1_JAKE_22480000.mp4,DAY5,A1_JAKE,30.0,30.0,20.0,1408,1408,14155648,262016,previews/DAY5/098.jpg,https://huggingface.co/datasets/lmms-lab/EgoLife/resolve/main/A1_JAKE/DAY5/DAY5_A1_JAKE_22480000.mp4
A5_KATRINA/DAY5/DAY5_A5_KATRINA_23080000.mp4,DAY5,A5_KATRINA,30.0,30.0,20.0,1408,1408,21215905,244385,previews/DAY5/099.jpg,https://huggingface.co/datasets/lmms-lab/EgoLife/resolve/main/A5_KATRINA/DAY5/DAY5_A5_KATRINA_23080000.mp4
A1_JAKE/DAY5/DAY5_A1_JAKE_23160000.mp4,DAY5,A1_JAKE,30.0,30.0,20.0,1408,1408,21569596,270396,previews/DAY5/100.jpg,https://huggingface.co/datasets/lmms-lab/EgoLife/resolve/main/A1_JAKE/DAY5/DAY5_A1_JAKE_23160000.mp4
A1_JAKE/DAY6/DAY6_A1_JAKE_10050000.mp4,DAY6,A1_JAKE,30.0,30.0,20.0,1408,1408,16801541,220933,previews/DAY6/001.jpg,https://huggingface.co/datasets/lmms-lab/EgoLife/resolve/main/A1_JAKE/DAY6/DAY6_A1_JAKE_10050000.mp4
A2_ALICE/DAY6/DAY6_A2_ALICE_10180000.mp4,DAY6,A2_ALICE,30.0,30.04,20.0,1408,1408,13531134,227326,previews/DAY6/002.jpg,https://huggingface.co/datasets/lmms-lab/EgoLife/resolve/main/A2_ALICE/DAY6/DAY6_A2_ALICE_10180000.mp4
A5_KATRINA/DAY6/DAY6_A5_KATRINA_10180000.mp4,DAY6,A5_KATRINA,30.0,30.04,20.0,1408,1408,13454527,150719,previews/DAY6/003.jpg,https://huggingface.co/datasets/lmms-lab/EgoLife/resolve/main/A5_KATRINA/DAY6/DAY6_A5_KATRINA_10180000.mp4
A3_TASHA/DAY6/DAY6_A3_TASHA_10250000.mp4,DAY6,A3_TASHA,30.0,30.0,20.0,1408,1408,9161031,248135,previews/DAY6/004.jpg,https://huggingface.co/datasets/lmms-lab/EgoLife/resolve/main/A3_TASHA/DAY6/DAY6_A3_TASHA_10250000.mp4
A1_JAKE/DAY6/DAY6_A1_JAKE_10363000.mp4,DAY6,A1_JAKE,30.0,30.0,20.0,1408,1408,12850860,202412,previews/DAY6/005.jpg,https://huggingface.co/datasets/lmms-lab/EgoLife/resolve/main/A1_JAKE/DAY6/DAY6_A1_JAKE_10363000.mp4
A5_KATRINA/DAY6/DAY6_A5_KATRINA_10383000.mp4,DAY6,A5_KATRINA,30.0,30.0,20.0,1408,1408,14742134,258678,previews/DAY6/006.jpg,https://huggingface.co/datasets/lmms-lab/EgoLife/resolve/main/A5_KATRINA/DAY6/DAY6_A5_KATRINA_10383000.mp4
A6_SHURE/DAY6/DAY6_A6_SHURE_10413000.mp4,DAY6,A6_SHURE,30.0,30.04,20.0,1408,1408,10843237,160869,previews/DAY6/007.jpg,https://huggingface.co/datasets/lmms-lab/EgoLife/resolve/main/A6_SHURE/DAY6/DAY6_A6_SHURE_10413000.mp4
A4_LUCIA/DAY6/DAY6_A4_LUCIA_10430000.mp4,DAY6,A4_LUCIA,30.0,30.0,20.0,1408,1408,14479690,192842,previews/DAY6/008.jpg,https://huggingface.co/datasets/lmms-lab/EgoLife/resolve/main/A4_LUCIA/DAY6/DAY6_A4_LUCIA_10430000.mp4
A2_ALICE/DAY6/DAY6_A2_ALICE_10503000.mp4,DAY6,A2_ALICE,30.0,30.0,20.0,1408,1408,15585285,249861,previews/DAY6/009.jpg,https://huggingface.co/datasets/lmms-lab/EgoLife/resolve/main/A2_ALICE/DAY6/DAY6_A2_ALICE_10503000.mp4
A3_TASHA/DAY6/DAY6_A3_TASHA_10510000.mp4,DAY6,A3_TASHA,30.0,30.0,20.0,1408,1408,22739310,260462,previews/DAY6/010.jpg,https://huggingface.co/datasets/lmms-lab/EgoLife/resolve/main/A3_TASHA/DAY6/DAY6_A3_TASHA_10510000.mp4
A5_KATRINA/DAY6/DAY6_A5_KATRINA_10590000.mp4,DAY6,A5_KATRINA,30.0,30.0,20.0,1408,1408,12145276,217724,previews/DAY6/011.jpg,https://huggingface.co/datasets/lmms-lab/EgoLife/resolve/main/A5_KATRINA/DAY6/DAY6_A5_KATRINA_10590000.mp4
A1_JAKE/DAY6/DAY6_A1_JAKE_11080000.mp4,DAY6,A1_JAKE,30.0,30.04,20.0,1408,1408,16433357,180429,previews/DAY6/012.jpg,https://huggingface.co/datasets/lmms-lab/EgoLife/resolve/main/A1_JAKE/DAY6/DAY6_A1_JAKE_11080000.mp4
A6_SHURE/DAY6/DAY6_A6_SHURE_11093000.mp4,DAY6,A6_SHURE,30.0,30.04,20.0,1408,1408,14330459,174683,previews/DAY6/013.jpg,https://huggingface.co/datasets/lmms-lab/EgoLife/resolve/main/A6_SHURE/DAY6/DAY6_A6_SHURE_11093000.mp4
A4_LUCIA/DAY6/DAY6_A4_LUCIA_11123000.mp4,DAY6,A4_LUCIA,30.0,30.04,20.0,1408,1408,18696691,215539,previews/DAY6/014.jpg,https://huggingface.co/datasets/lmms-lab/EgoLife/resolve/main/A4_LUCIA/DAY6/DAY6_A4_LUCIA_11123000.mp4
A3_TASHA/DAY6/DAY6_A3_TASHA_11170000.mp4,DAY6,A3_TASHA,30.0,30.0,20.0,1408,1408,20981815,272439,previews/DAY6/015.jpg,https://huggingface.co/datasets/lmms-lab/EgoLife/resolve/main/A3_TASHA/DAY6/DAY6_A3_TASHA_11170000.mp4
A5_KATRINA/DAY6/DAY6_A5_KATRINA_11193000.mp4,DAY6,A5_KATRINA,30.0,30.0,20.0,1408,1408,12579800,193496,previews/DAY6/016.jpg,https://huggingface.co/datasets/lmms-lab/EgoLife/resolve/main/A5_KATRINA/DAY6/DAY6_A5_KATRINA_11193000.mp4
A2_ALICE/DAY6/DAY6_A2_ALICE_11230000.mp4,DAY6,A2_ALICE,30.0,30.0,20.0,1408,1408,17886282,257098,previews/DAY6/017.jpg,https://huggingface.co/datasets/lmms-lab/EgoLife/resolve/main/A2_ALICE/DAY6/DAY6_A2_ALICE_11230000.mp4
A6_SHURE/DAY6/DAY6_A6_SHURE_11370000.mp4,DAY6,A6_SHURE,30.0,30.0,20.0,1408,1408,18211629,254765,previews/DAY6/018.jpg,https://huggingface.co/datasets/lmms-lab/EgoLife/resolve/main/A6_SHURE/DAY6/DAY6_A6_SHURE_11370000.mp4
A1_JAKE/DAY6/DAY6_A1_JAKE_11390000.mp4,DAY6,A1_JAKE,30.0,30.0,20.0,1408,1408,22164397,275373,previews/DAY6/019.jpg,https://huggingface.co/datasets/lmms-lab/EgoLife/resolve/main/A1_JAKE/DAY6/DAY6_A1_JAKE_11390000.mp4
A4_LUCIA/DAY6/DAY6_A4_LUCIA_11413000.mp4,DAY6,A4_LUCIA,30.0,30.0,20.0,1408,1408,25826889,267849,previews/DAY6/020.jpg,https://huggingface.co/datasets/lmms-lab/EgoLife/resolve/main/A4_LUCIA/DAY6/DAY6_A4_LUCIA_11413000.mp4
A3_TASHA/DAY6/DAY6_A3_TASHA_11443000.mp4,DAY6,A3_TASHA,30.0,30.04,20.0,1408,1408,16895309,183629,previews/DAY6/021.jpg,https://huggingface.co/datasets/lmms-lab/EgoLife/resolve/main/A3_TASHA/DAY6/DAY6_A3_TASHA_11443000.mp4
A2_ALICE/DAY6/DAY6_A2_ALICE_11553000.mp4,DAY6,A2_ALICE,30.0,30.0,20.0,1408,1408,14933245,187645,previews/DAY6/022.jpg,https://huggingface.co/datasets/lmms-lab/EgoLife/resolve/main/A2_ALICE/DAY6/DAY6_A2_ALICE_11553000.mp4
A6_SHURE/DAY6/DAY6_A6_SHURE_12050000.mp4,DAY6,A6_SHURE,30.0,30.04,20.0,1408,1408,16529538,211074,previews/DAY6/023.jpg,https://huggingface.co/datasets/lmms-lab/EgoLife/resolve/main/A6_SHURE/DAY6/DAY6_A6_SHURE_12050000.mp4
A3_TASHA/DAY6/DAY6_A3_TASHA_12100000.mp4,DAY6,A3_TASHA,30.0,30.0,20.0,1408,1408,15086016,209344,previews/DAY6/024.jpg,https://huggingface.co/datasets/lmms-lab/EgoLife/resolve/main/A3_TASHA/DAY6/DAY6_A3_TASHA_12100000.mp4
A1_JAKE/DAY6/DAY6_A1_JAKE_12103000.mp4,DAY6,A1_JAKE,30.0,30.0,20.0,1408,1408,14519514,167130,previews/DAY6/025.jpg,https://huggingface.co/datasets/lmms-lab/EgoLife/resolve/main/A1_JAKE/DAY6/DAY6_A1_JAKE_12103000.mp4
A4_LUCIA/DAY6/DAY6_A4_LUCIA_12220000.mp4,DAY6,A4_LUCIA,30.0,30.0,20.0,1408,1408,19141608,201704,previews/DAY6/026.jpg,https://huggingface.co/datasets/lmms-lab/EgoLife/resolve/main/A4_LUCIA/DAY6/DAY6_A4_LUCIA_12220000.mp4
A2_ALICE/DAY6/DAY6_A2_ALICE_12283000.mp4,DAY6,A2_ALICE,30.0,30.0,20.0,1408,1408,15333900,260620,previews/DAY6/027.jpg,https://huggingface.co/datasets/lmms-lab/EgoLife/resolve/main/A2_ALICE/DAY6/DAY6_A2_ALICE_12283000.mp4
A6_SHURE/DAY6/DAY6_A6_SHURE_12330000.mp4,DAY6,A6_SHURE,30.0,30.04,20.0,1408,1408,15539742,204318,previews/DAY6/028.jpg,https://huggingface.co/datasets/lmms-lab/EgoLife/resolve/main/A6_SHURE/DAY6/DAY6_A6_SHURE_12330000.mp4
A1_JAKE/DAY6/DAY6_A1_JAKE_12420000.mp4,DAY6,A1_JAKE,30.0,30.0,20.0,1408,1408,9195517,151549,previews/DAY6/029.jpg,https://huggingface.co/datasets/lmms-lab/EgoLife/resolve/main/A1_JAKE/DAY6/DAY6_A1_JAKE_12420000.mp4
A4_LUCIA/DAY6/DAY6_A4_LUCIA_12513000.mp4,DAY6,A4_LUCIA,30.0,30.0,20.0,1408,1408,14764326,215334,previews/DAY6/030.jpg,https://huggingface.co/datasets/lmms-lab/EgoLife/resolve/main/A4_LUCIA/DAY6/DAY6_A4_LUCIA_12513000.mp4
A2_ALICE/DAY6/DAY6_A2_ALICE_13010000.mp4,DAY6,A2_ALICE,30.0,30.0,20.0,1408,1408,11971356,240412,previews/DAY6/031.jpg,https://huggingface.co/datasets/lmms-lab/EgoLife/resolve/main/A2_ALICE/DAY6/DAY6_A2_ALICE_13010000.mp4
A3_TASHA/DAY6/DAY6_A3_TASHA_13023000.mp4,DAY6,A3_TASHA,30.0,30.0,20.0,1408,1408,15343846,205030,previews/DAY6/032.jpg,https://huggingface.co/datasets/lmms-lab/EgoLife/resolve/main/A3_TASHA/DAY6/DAY6_A3_TASHA_13023000.mp4
A6_SHURE/DAY6/DAY6_A6_SHURE_13030000.mp4,DAY6,A6_SHURE,30.0,30.04,20.0,1408,1408,10607576,187352,previews/DAY6/033.jpg,https://huggingface.co/datasets/lmms-lab/EgoLife/resolve/main/A6_SHURE/DAY6/DAY6_A6_SHURE_13030000.mp4
A1_JAKE/DAY6/DAY6_A1_JAKE_13133000.mp4,DAY6,A1_JAKE,30.0,30.0,20.0,1408,1408,7916298,183050,previews/DAY6/034.jpg,https://huggingface.co/datasets/lmms-lab/EgoLife/resolve/main/A1_JAKE/DAY6/DAY6_A1_JAKE_13133000.mp4
A4_LUCIA/DAY6/DAY6_A4_LUCIA_13203000.mp4,DAY6,A4_LUCIA,30.0,30.0,20.0,1408,1408,14338555,248315,previews/DAY6/035.jpg,https://huggingface.co/datasets/lmms-lab/EgoLife/resolve/main/A4_LUCIA/DAY6/DAY6_A4_LUCIA_13203000.mp4
A5_KATRINA/DAY6/DAY6_A5_KATRINA_13360000.mp4,DAY6,A5_KATRINA,30.0,30.04,20.0,1408,1408,15071978,260842,previews/DAY6/036.jpg,https://huggingface.co/datasets/lmms-lab/EgoLife/resolve/main/A5_KATRINA/DAY6/DAY6_A5_KATRINA_13360000.mp4
A2_ALICE/DAY6/DAY6_A2_ALICE_14310000.mp4,DAY6,A2_ALICE,30.0,30.0,20.0,1408,1408,15341287,268007,previews/DAY6/037.jpg,https://huggingface.co/datasets/lmms-lab/EgoLife/resolve/main/A2_ALICE/DAY6/DAY6_A2_ALICE_14310000.mp4
A3_TASHA/DAY6/DAY6_A3_TASHA_14460000.mp4,DAY6,A3_TASHA,30.0,30.0,20.0,1408,1408,7675107,204003,previews/DAY6/038.jpg,https://huggingface.co/datasets/lmms-lab/EgoLife/resolve/main/A3_TASHA/DAY6/DAY6_A3_TASHA_14460000.mp4
A2_ALICE/DAY6/DAY6_A2_ALICE_15033000.mp4,DAY6,A2_ALICE,30.0,30.0,20.0,1408,1408,16302737,180881,previews/DAY6/039.jpg,https://huggingface.co/datasets/lmms-lab/EgoLife/resolve/main/A2_ALICE/DAY6/DAY6_A2_ALICE_15033000.mp4
A5_KATRINA/DAY6/DAY6_A5_KATRINA_15110000.mp4,DAY6,A5_KATRINA,30.0,30.04,20.0,1408,1408,14007457,179361,previews/DAY6/040.jpg,https://huggingface.co/datasets/lmms-lab/EgoLife/resolve/main/A5_KATRINA/DAY6/DAY6_A5_KATRINA_15110000.mp4
A3_TASHA/DAY6/DAY6_A3_TASHA_15120000.mp4,DAY6,A3_TASHA,30.0,30.04,20.0,1408,1408,15541989,206565,previews/DAY6/041.jpg,https://huggingface.co/datasets/lmms-lab/EgoLife/resolve/main/A3_TASHA/DAY6/DAY6_A3_TASHA_15120000.mp4
A4_LUCIA/DAY6/DAY6_A4_LUCIA_15160000.mp4,DAY6,A4_LUCIA,30.0,30.0,20.0,1408,1408,14308033,152257,previews/DAY6/042.jpg,https://huggingface.co/datasets/lmms-lab/EgoLife/resolve/main/A4_LUCIA/DAY6/DAY6_A4_LUCIA_15160000.mp4
A6_SHURE/DAY6/DAY6_A6_SHURE_15160000.mp4,DAY6,A6_SHURE,30.0,30.0,20.0,1408,1408,15597885,262461,previews/DAY6/043.jpg,https://huggingface.co/datasets/lmms-lab/EgoLife/resolve/main/A6_SHURE/DAY6/DAY6_A6_SHURE_15160000.mp4
A1_JAKE/DAY6/DAY6_A1_JAKE_15263000.mp4,DAY6,A1_JAKE,30.0,30.04,20.0,1408,1408,18149019,257691,previews/DAY6/044.jpg,https://huggingface.co/datasets/lmms-lab/EgoLife/resolve/main/A1_JAKE/DAY6/DAY6_A1_JAKE_15263000.mp4
A5_KATRINA/DAY6/DAY6_A5_KATRINA_15313000.mp4,DAY6,A5_KATRINA,30.0,30.0,20.0,1408,1408,17300401,195505,previews/DAY6/045.jpg,https://huggingface.co/datasets/lmms-lab/EgoLife/resolve/main/A5_KATRINA/DAY6/DAY6_A5_KATRINA_15313000.mp4
A2_ALICE/DAY6/DAY6_A2_ALICE_15360000.mp4,DAY6,A2_ALICE,30.0,30.04,20.0,1408,1408,13698901,198485,previews/DAY6/046.jpg,https://huggingface.co/datasets/lmms-lab/EgoLife/resolve/main/A2_ALICE/DAY6/DAY6_A2_ALICE_15360000.mp4
A3_TASHA/DAY6/DAY6_A3_TASHA_15380000.mp4,DAY6,A3_TASHA,30.0,30.04,20.0,1408,1408,16204284,213500,previews/DAY6/047.jpg,https://huggingface.co/datasets/lmms-lab/EgoLife/resolve/main/A3_TASHA/DAY6/DAY6_A3_TASHA_15380000.mp4
A6_SHURE/DAY6/DAY6_A6_SHURE_15433000.mp4,DAY6,A6_SHURE,30.0,30.0,20.0,1408,1408,11999400,268456,previews/DAY6/048.jpg,https://huggingface.co/datasets/lmms-lab/EgoLife/resolve/main/A6_SHURE/DAY6/DAY6_A6_SHURE_15433000.mp4
A4_LUCIA/DAY6/DAY6_A4_LUCIA_15453000.mp4,DAY6,A4_LUCIA,30.0,30.0,20.0,1408,1408,19848987,253723,previews/DAY6/049.jpg,https://huggingface.co/datasets/lmms-lab/EgoLife/resolve/main/A4_LUCIA/DAY6/DAY6_A4_LUCIA_15453000.mp4
A5_KATRINA/DAY6/DAY6_A5_KATRINA_15520000.mp4,DAY6,A5_KATRINA,30.0,30.0,20.0,1408,1408,11627731,158931,previews/DAY6/050.jpg,https://huggingface.co/datasets/lmms-lab/EgoLife/resolve/main/A5_KATRINA/DAY6/DAY6_A5_KATRINA_15520000.mp4
A1_JAKE/DAY6/DAY6_A1_JAKE_15580000.mp4,DAY6,A1_JAKE,30.0,30.04,20.0,1408,1408,16171767,180983,previews/DAY6/051.jpg,https://huggingface.co/datasets/lmms-lab/EgoLife/resolve/main/A1_JAKE/DAY6/DAY6_A1_JAKE_15580000.mp4
A2_ALICE/DAY6/DAY6_A2_ALICE_16083000.mp4,DAY6,A2_ALICE,30.0,30.0,20.0,1408,1408,15239460,231716,previews/DAY6/052.jpg,https://huggingface.co/datasets/lmms-lab/EgoLife/resolve/main/A2_ALICE/DAY6/DAY6_A2_ALICE_16083000.mp4
A5_KATRINA/DAY6/DAY6_A5_KATRINA_16130000.mp4,DAY6,A5_KATRINA,30.0,30.0,20.0,1408,1408,15155491,213283,previews/DAY6/053.jpg,https://huggingface.co/datasets/lmms-lab/EgoLife/resolve/main/A5_KATRINA/DAY6/DAY6_A5_KATRINA_16130000.mp4
A4_LUCIA/DAY6/DAY6_A4_LUCIA_16143000.mp4,DAY6,A4_LUCIA,30.0,30.0,20.0,1408,1408,11796082,196210,previews/DAY6/054.jpg,https://huggingface.co/datasets/lmms-lab/EgoLife/resolve/main/A4_LUCIA/DAY6/DAY6_A4_LUCIA_16143000.mp4
A6_SHURE/DAY6/DAY6_A6_SHURE_16180000.mp4,DAY6,A6_SHURE,30.0,30.0,20.0,1408,1408,12392034,202338,previews/DAY6/055.jpg,https://huggingface.co/datasets/lmms-lab/EgoLife/resolve/main/A6_SHURE/DAY6/DAY6_A6_SHURE_16180000.mp4
A3_TASHA/DAY6/DAY6_A3_TASHA_16240000.mp4,DAY6,A3_TASHA,30.0,30.0,20.0,1408,1408,15512685,242797,previews/DAY6/056.jpg,https://huggingface.co/datasets/lmms-lab/EgoLife/resolve/main/A3_TASHA/DAY6/DAY6_A3_TASHA_16240000.mp4
A1_JAKE/DAY6/DAY6_A1_JAKE_16290000.mp4,DAY6,A1_JAKE,30.0,30.0,20.0,1408,1408,15003436,192300,previews/DAY6/057.jpg,https://huggingface.co/datasets/lmms-lab/EgoLife/resolve/main/A1_JAKE/DAY6/DAY6_A1_JAKE_16290000.mp4
A5_KATRINA/DAY6/DAY6_A5_KATRINA_16333000.mp4,DAY6,A5_KATRINA,30.0,30.0,20.0,1408,1408,14648564,230644,previews/DAY6/058.jpg,https://huggingface.co/datasets/lmms-lab/EgoLife/resolve/main/A5_KATRINA/DAY6/DAY6_A5_KATRINA_16333000.mp4
A2_ALICE/DAY6/DAY6_A2_ALICE_16410000.mp4,DAY6,A2_ALICE,30.0,30.0,20.0,1408,1408,14490034,268722,previews/DAY6/059.jpg,https://huggingface.co/datasets/lmms-lab/EgoLife/resolve/main/A2_ALICE/DAY6/DAY6_A2_ALICE_16410000.mp4
A4_LUCIA/DAY6/DAY6_A4_LUCIA_16440000.mp4,DAY6,A4_LUCIA,30.0,30.0,20.0,1408,1408,17587130,220090,previews/DAY6/060.jpg,https://huggingface.co/datasets/lmms-lab/EgoLife/resolve/main/A4_LUCIA/DAY6/DAY6_A4_LUCIA_16440000.mp4
A6_SHURE/DAY6/DAY6_A6_SHURE_16460000.mp4,DAY6,A6_SHURE,30.0,30.0,20.0,1408,1408,12418435,228739,previews/DAY6/061.jpg,https://huggingface.co/datasets/lmms-lab/EgoLife/resolve/main/A6_SHURE/DAY6/DAY6_A6_SHURE_16460000.mp4
A3_TASHA/DAY6/DAY6_A3_TASHA_16500000.mp4,DAY6,A3_TASHA,30.0,30.0,20.0,1408,1408,15743300,276804,previews/DAY6/062.jpg,https://huggingface.co/datasets/lmms-lab/EgoLife/resolve/main/A3_TASHA/DAY6/DAY6_A3_TASHA_16500000.mp4
A1_JAKE/DAY6/DAY6_A1_JAKE_17073000.mp4,DAY6,A1_JAKE,30.0,30.0,20.0,1408,1408,20042655,250783,previews/DAY6/063.jpg,https://huggingface.co/datasets/lmms-lab/EgoLife/resolve/main/A1_JAKE/DAY6/DAY6_A1_JAKE_17073000.mp4
A2_ALICE/DAY6/DAY6_A2_ALICE_17133000.mp4,DAY6,A2_ALICE,30.0,30.0,20.0,1408,1408,17497819,261851,previews/DAY6/064.jpg,https://huggingface.co/datasets/lmms-lab/EgoLife/resolve/main/A2_ALICE/DAY6/DAY6_A2_ALICE_17133000.mp4
A4_LUCIA/DAY6/DAY6_A4_LUCIA_17133000.mp4,DAY6,A4_LUCIA,30.0,30.0,20.0,1408,1408,18771585,290433,previews/DAY6/065.jpg,https://huggingface.co/datasets/lmms-lab/EgoLife/resolve/main/A4_LUCIA/DAY6/DAY6_A4_LUCIA_17133000.mp4
A6_SHURE/DAY6/DAY6_A6_SHURE_17133000.mp4,DAY6,A6_SHURE,30.0,30.04,20.0,1408,1408,16246611,190291,previews/DAY6/066.jpg,https://huggingface.co/datasets/lmms-lab/EgoLife/resolve/main/A6_SHURE/DAY6/DAY6_A6_SHURE_17133000.mp4
A3_TASHA/DAY6/DAY6_A3_TASHA_17160000.mp4,DAY6,A3_TASHA,30.0,30.0,20.0,1408,1408,15207736,199992,previews/DAY6/067.jpg,https://huggingface.co/datasets/lmms-lab/EgoLife/resolve/main/A3_TASHA/DAY6/DAY6_A3_TASHA_17160000.mp4
A6_SHURE/DAY6/DAY6_A6_SHURE_17413000.mp4,DAY6,A6_SHURE,30.0,30.04,20.0,1408,1408,14929432,183832,previews/DAY6/068.jpg,https://huggingface.co/datasets/lmms-lab/EgoLife/resolve/main/A6_SHURE/DAY6/DAY6_A6_SHURE_17413000.mp4
A3_TASHA/DAY6/DAY6_A3_TASHA_17420000.mp4,DAY6,A3_TASHA,30.0,30.0,20.0,1408,1408,16743602,228530,previews/DAY6/069.jpg,https://huggingface.co/datasets/lmms-lab/EgoLife/resolve/main/A3_TASHA/DAY6/DAY6_A3_TASHA_17420000.mp4
A4_LUCIA/DAY6/DAY6_A4_LUCIA_17423000.mp4,DAY6,A4_LUCIA,30.0,30.0,20.0,1408,1408,19921190,260390,previews/DAY6/070.jpg,https://huggingface.co/datasets/lmms-lab/EgoLife/resolve/main/A4_LUCIA/DAY6/DAY6_A4_LUCIA_17423000.mp4
A2_ALICE/DAY6/DAY6_A2_ALICE_17460000.mp4,DAY6,A2_ALICE,30.0,30.0,20.0,1408,1408,17757155,259043,previews/DAY6/071.jpg,https://huggingface.co/datasets/lmms-lab/EgoLife/resolve/main/A2_ALICE/DAY6/DAY6_A2_ALICE_17460000.mp4
A5_KATRINA/DAY6/DAY6_A5_KATRINA_17513000.mp4,DAY6,A5_KATRINA,30.0,30.0,20.0,1408,1408,19058677,184309,previews/DAY6/072.jpg,https://huggingface.co/datasets/lmms-lab/EgoLife/resolve/main/A5_KATRINA/DAY6/DAY6_A5_KATRINA_17513000.mp4
A1_JAKE/DAY6/DAY6_A1_JAKE_19240000.mp4,DAY6,A1_JAKE,30.0,30.0,20.0,1408,1408,18839735,227511,previews/DAY6/073.jpg,https://huggingface.co/datasets/lmms-lab/EgoLife/resolve/main/A1_JAKE/DAY6/DAY6_A1_JAKE_19240000.mp4
A6_SHURE/DAY6/DAY6_A6_SHURE_19310000.mp4,DAY6,A6_SHURE,30.0,30.04,20.0,1408,1408,15553484,152524,previews/DAY6/074.jpg,https://huggingface.co/datasets/lmms-lab/EgoLife/resolve/main/A6_SHURE/DAY6/DAY6_A6_SHURE_19310000.mp4
A5_KATRINA/DAY6/DAY6_A5_KATRINA_19383000.mp4,DAY6,A5_KATRINA,30.0,30.0,20.0,1408,1408,19741086,276894,previews/DAY6/075.jpg,https://huggingface.co/datasets/lmms-lab/EgoLife/resolve/main/A5_KATRINA/DAY6/DAY6_A5_KATRINA_19383000.mp4
A3_TASHA/DAY6/DAY6_A3_TASHA_19403000.mp4,DAY6,A3_TASHA,30.0,30.0,20.0,1408,1408,16250522,259738,previews/DAY6/076.jpg,https://huggingface.co/datasets/lmms-lab/EgoLife/resolve/main/A3_TASHA/DAY6/DAY6_A3_TASHA_19403000.mp4
A4_LUCIA/DAY6/DAY6_A4_LUCIA_19403000.mp4,DAY6,A4_LUCIA,30.0,30.0,20.0,1408,1408,17887031,257847,previews/DAY6/077.jpg,https://huggingface.co/datasets/lmms-lab/EgoLife/resolve/main/A4_LUCIA/DAY6/DAY6_A4_LUCIA_19403000.mp4
A2_ALICE/DAY6/DAY6_A2_ALICE_19423000.mp4,DAY6,A2_ALICE,30.0,30.0,20.0,1408,1408,17904741,275557,previews/DAY6/078.jpg,https://huggingface.co/datasets/lmms-lab/EgoLife/resolve/main/A2_ALICE/DAY6/DAY6_A2_ALICE_19423000.mp4
A1_JAKE/DAY6/DAY6_A1_JAKE_19553000.mp4,DAY6,A1_JAKE,30.0,30.0,20.0,1408,1408,18862140,249916,previews/DAY6/079.jpg,https://huggingface.co/datasets/lmms-lab/EgoLife/resolve/main/A1_JAKE/DAY6/DAY6_A1_JAKE_19553000.mp4
A5_KATRINA/DAY6/DAY6_A5_KATRINA_19590000.mp4,DAY6,A5_KATRINA,30.0,30.0,20.0,1408,1408,18746083,264931,previews/DAY6/080.jpg,https://huggingface.co/datasets/lmms-lab/EgoLife/resolve/main/A5_KATRINA/DAY6/DAY6_A5_KATRINA_19590000.mp4
A6_SHURE/DAY6/DAY6_A6_SHURE_19590000.mp4,DAY6,A6_SHURE,30.0,30.0,20.0,1408,1408,20385844,266292,previews/DAY6/081.jpg,https://huggingface.co/datasets/lmms-lab/EgoLife/resolve/main/A6_SHURE/DAY6/DAY6_A6_SHURE_19590000.mp4
A3_TASHA/DAY6/DAY6_A3_TASHA_20063000.mp4,DAY6,A3_TASHA,30.0,30.0,20.0,1408,1408,16539026,220562,previews/DAY6/082.jpg,https://huggingface.co/datasets/lmms-lab/EgoLife/resolve/main/A3_TASHA/DAY6/DAY6_A3_TASHA_20063000.mp4
A4_LUCIA/DAY6/DAY6_A4_LUCIA_20100000.mp4,DAY6,A4_LUCIA,30.0,30.0,20.0,1408,1408,21171436,265452,previews/DAY6/083.jpg,https://huggingface.co/datasets/lmms-lab/EgoLife/resolve/main/A4_LUCIA/DAY6/DAY6_A4_LUCIA_20100000.mp4
A2_ALICE/DAY6/DAY6_A2_ALICE_20150000.mp4,DAY6,A2_ALICE,30.0,30.0,20.0,1408,1408,16235163,244379,previews/DAY6/084.jpg,https://huggingface.co/datasets/lmms-lab/EgoLife/resolve/main/A2_ALICE/DAY6/DAY6_A2_ALICE_20150000.mp4
A5_KATRINA/DAY6/DAY6_A5_KATRINA_20193000.mp4,DAY6,A5_KATRINA,30.0,30.0,20.0,1408,1408,15779660,247628,previews/DAY6/085.jpg,https://huggingface.co/datasets/lmms-lab/EgoLife/resolve/main/A5_KATRINA/DAY6/DAY6_A5_KATRINA_20193000.mp4
A1_JAKE/DAY6/DAY6_A1_JAKE_20270000.mp4,DAY6,A1_JAKE,30.0,30.04,20.0,1408,1408,14119951,226319,previews/DAY6/086.jpg,https://huggingface.co/datasets/lmms-lab/EgoLife/resolve/main/A1_JAKE/DAY6/DAY6_A1_JAKE_20270000.mp4
A6_SHURE/DAY6/DAY6_A6_SHURE_20270000.mp4,DAY6,A6_SHURE,30.0,30.04,20.0,1408,1408,15026000,214864,previews/DAY6/087.jpg,https://huggingface.co/datasets/lmms-lab/EgoLife/resolve/main/A6_SHURE/DAY6/DAY6_A6_SHURE_20270000.mp4
A3_TASHA/DAY6/DAY6_A3_TASHA_20323000.mp4,DAY6,A3_TASHA,30.0,30.0,20.0,1408,1408,17425890,255458,previews/DAY6/088.jpg,https://huggingface.co/datasets/lmms-lab/EgoLife/resolve/main/A3_TASHA/DAY6/DAY6_A3_TASHA_20323000.mp4
A4_LUCIA/DAY6/DAY6_A4_LUCIA_20390000.mp4,DAY6,A4_LUCIA,30.0,30.0,20.0,1408,1408,19917357,256557,previews/DAY6/089.jpg,https://huggingface.co/datasets/lmms-lab/EgoLife/resolve/main/A4_LUCIA/DAY6/DAY6_A4_LUCIA_20390000.mp4
A2_ALICE/DAY6/DAY6_A2_ALICE_20473000.mp4,DAY6,A2_ALICE,30.0,30.0,20.0,1408,1408,14564468,212084,previews/DAY6/090.jpg,https://huggingface.co/datasets/lmms-lab/EgoLife/resolve/main/A2_ALICE/DAY6/DAY6_A2_ALICE_20473000.mp4
A6_SHURE/DAY6/DAY6_A6_SHURE_20543000.mp4,DAY6,A6_SHURE,30.0,30.0,20.0,1408,1408,16880138,168458,previews/DAY6/091.jpg,https://huggingface.co/datasets/lmms-lab/EgoLife/resolve/main/A6_SHURE/DAY6/DAY6_A6_SHURE_20543000.mp4
A1_JAKE/DAY6/DAY6_A1_JAKE_20580000.mp4,DAY6,A1_JAKE,30.0,30.04,20.0,1408,1408,14894656,214592,previews/DAY6/092.jpg,https://huggingface.co/datasets/lmms-lab/EgoLife/resolve/main/A1_JAKE/DAY6/DAY6_A1_JAKE_20580000.mp4
A3_TASHA/DAY6/DAY6_A3_TASHA_20583000.mp4,DAY6,A3_TASHA,30.0,30.0,20.0,1408,1408,17120663,277911,previews/DAY6/093.jpg,https://huggingface.co/datasets/lmms-lab/EgoLife/resolve/main/A3_TASHA/DAY6/DAY6_A3_TASHA_20583000.mp4
A2_ALICE/DAY6/DAY6_A2_ALICE_21200000.mp4,DAY6,A2_ALICE,30.0,30.0,20.0,1408,1408,15743592,211560,previews/DAY6/094.jpg,https://huggingface.co/datasets/lmms-lab/EgoLife/resolve/main/A2_ALICE/DAY6/DAY6_A2_ALICE_21200000.mp4
A4_LUCIA/DAY6/DAY6_A4_LUCIA_21220000.mp4,DAY6,A4_LUCIA,30.0,30.0,20.0,1408,1408,18053524,162196,previews/DAY6/095.jpg,https://huggingface.co/datasets/lmms-lab/EgoLife/resolve/main/A4_LUCIA/DAY6/DAY6_A4_LUCIA_21220000.mp4
A6_SHURE/DAY6/DAY6_A6_SHURE_21223000.mp4,DAY6,A6_SHURE,30.0,30.04,20.0,1408,1408,14171349,212181,previews/DAY6/096.jpg,https://huggingface.co/datasets/lmms-lab/EgoLife/resolve/main/A6_SHURE/DAY6/DAY6_A6_SHURE_21223000.mp4
A1_JAKE/DAY6/DAY6_A1_JAKE_21293000.mp4,DAY6,A1_JAKE,30.0,30.0,20.0,1408,1408,16694777,179705,previews/DAY6/097.jpg,https://huggingface.co/datasets/lmms-lab/EgoLife/resolve/main/A1_JAKE/DAY6/DAY6_A1_JAKE_21293000.mp4
A5_KATRINA/DAY6/DAY6_A5_KATRINA_21400000.mp4,DAY6,A5_KATRINA,30.0,30.04,20.0,1408,1408,12056784,194768,previews/DAY6/098.jpg,https://huggingface.co/datasets/lmms-lab/EgoLife/resolve/main/A5_KATRINA/DAY6/DAY6_A5_KATRINA_21400000.mp4
A5_KATRINA/DAY6/DAY6_A5_KATRINA_22003000.mp4,DAY6,A5_KATRINA,30.0,30.04,20.0,1408,1408,15261788,188508,previews/DAY6/099.jpg,https://huggingface.co/datasets/lmms-lab/EgoLife/resolve/main/A5_KATRINA/DAY6/DAY6_A5_KATRINA_22003000.mp4
A1_JAKE/DAY6/DAY6_A1_JAKE_22010000.mp4,DAY6,A1_JAKE,30.0,30.0,20.0,1408,1408,13059637,214581,previews/DAY6/100.jpg,https://huggingface.co/datasets/lmms-lab/EgoLife/resolve/main/A1_JAKE/DAY6/DAY6_A1_JAKE_22010000.mp4
A6_SHURE/DAY7/DAY7_A6_SHURE_10530000.mp4,DAY7,A6_SHURE,30.0,30.0,20.0,1408,1408,14920453,240389,previews/DAY7/001.jpg,https://huggingface.co/datasets/lmms-lab/EgoLife/resolve/main/A6_SHURE/DAY7/DAY7_A6_SHURE_10530000.mp4
A6_SHURE/DAY7/DAY7_A6_SHURE_11083000.mp4,DAY7,A6_SHURE,30.0,30.0,20.0,1408,1408,17501943,265975,previews/DAY7/002.jpg,https://huggingface.co/datasets/lmms-lab/EgoLife/resolve/main/A6_SHURE/DAY7/DAY7_A6_SHURE_11083000.mp4
A6_SHURE/DAY7/DAY7_A6_SHURE_11240000.mp4,DAY7,A6_SHURE,30.0,30.0,20.0,1408,1408,18975521,232225,previews/DAY7/003.jpg,https://huggingface.co/datasets/lmms-lab/EgoLife/resolve/main/A6_SHURE/DAY7/DAY7_A6_SHURE_11240000.mp4
A6_SHURE/DAY7/DAY7_A6_SHURE_11393000.mp4,DAY7,A6_SHURE,30.0,30.0,20.0,1408,1408,16626105,242105,previews/DAY7/004.jpg,https://huggingface.co/datasets/lmms-lab/EgoLife/resolve/main/A6_SHURE/DAY7/DAY7_A6_SHURE_11393000.mp4
A6_SHURE/DAY7/DAY7_A6_SHURE_11543000.mp4,DAY7,A6_SHURE,30.0,30.0,20.0,1408,1408,16992947,150195,previews/DAY7/005.jpg,https://huggingface.co/datasets/lmms-lab/EgoLife/resolve/main/A6_SHURE/DAY7/DAY7_A6_SHURE_11543000.mp4
A1_JAKE/DAY7/DAY7_A1_JAKE_12060000.mp4,DAY7,A1_JAKE,30.0,30.04,20.0,1408,1408,14696208,278288,previews/DAY7/006.jpg,https://huggingface.co/datasets/lmms-lab/EgoLife/resolve/main/A1_JAKE/DAY7/DAY7_A1_JAKE_12060000.mp4
A5_KATRINA/DAY7/DAY7_A5_KATRINA_12073000.mp4,DAY7,A5_KATRINA,30.0,30.0,20.0,1408,1408,12076811,214795,previews/DAY7/007.jpg,https://huggingface.co/datasets/lmms-lab/EgoLife/resolve/main/A5_KATRINA/DAY7/DAY7_A5_KATRINA_12073000.mp4
A3_TASHA/DAY7/DAY7_A3_TASHA_12100000.mp4,DAY7,A3_TASHA,30.0,30.0,20.0,1408,1408,10222056,195048,previews/DAY7/008.jpg,https://huggingface.co/datasets/lmms-lab/EgoLife/resolve/main/A3_TASHA/DAY7/DAY7_A3_TASHA_12100000.mp4
A6_SHURE/DAY7/DAY7_A6_SHURE_12100000.mp4,DAY7,A6_SHURE,30.0,30.0,20.0,1408,1408,11245916,170332,previews/DAY7/009.jpg,https://huggingface.co/datasets/lmms-lab/EgoLife/resolve/main/A6_SHURE/DAY7/DAY7_A6_SHURE_12100000.mp4
A2_ALICE/DAY7/DAY7_A2_ALICE_12130000.mp4,DAY7,A2_ALICE,30.0,30.0,20.0,1408,1408,17424691,254259,previews/DAY7/010.jpg,https://huggingface.co/datasets/lmms-lab/EgoLife/resolve/main/A2_ALICE/DAY7/DAY7_A2_ALICE_12130000.mp4
A5_KATRINA/DAY7/DAY7_A5_KATRINA_12183000.mp4,DAY7,A5_KATRINA,30.0,30.0,20.0,1408,1408,9777289,209033,previews/DAY7/011.jpg,https://huggingface.co/datasets/lmms-lab/EgoLife/resolve/main/A5_KATRINA/DAY7/DAY7_A5_KATRINA_12183000.mp4
A3_TASHA/DAY7/DAY7_A3_TASHA_12210000.mp4,DAY7,A3_TASHA,30.0,30.04,20.0,1408,1408,18351665,263729,previews/DAY7/012.jpg,https://huggingface.co/datasets/lmms-lab/EgoLife/resolve/main/A3_TASHA/DAY7/DAY7_A3_TASHA_12210000.mp4
A6_SHURE/DAY7/DAY7_A6_SHURE_12253000.mp4,DAY7,A6_SHURE,30.0,30.04,20.0,1408,1408,11925657,194713,previews/DAY7/013.jpg,https://huggingface.co/datasets/lmms-lab/EgoLife/resolve/main/A6_SHURE/DAY7/DAY7_A6_SHURE_12253000.mp4
A1_JAKE/DAY7/DAY7_A1_JAKE_12270000.mp4,DAY7,A1_JAKE,30.0,30.04,20.0,1408,1408,14470810,249498,previews/DAY7/014.jpg,https://huggingface.co/datasets/lmms-lab/EgoLife/resolve/main/A1_JAKE/DAY7/DAY7_A1_JAKE_12270000.mp4
A5_KATRINA/DAY7/DAY7_A5_KATRINA_12293000.mp4,DAY7,A5_KATRINA,30.0,30.04,20.0,1408,1408,12490682,169914,previews/DAY7/015.jpg,https://huggingface.co/datasets/lmms-lab/EgoLife/resolve/main/A5_KATRINA/DAY7/DAY7_A5_KATRINA_12293000.mp4
A2_ALICE/DAY7/DAY7_A2_ALICE_12310000.mp4,DAY7,A2_ALICE,30.0,30.0,20.0,1408,1408,18003558,177766,previews/DAY7/016.jpg,https://huggingface.co/datasets/lmms-lab/EgoLife/resolve/main/A2_ALICE/DAY7/DAY7_A2_ALICE_12310000.mp4
A3_TASHA/DAY7/DAY7_A3_TASHA_12323000.mp4,DAY7,A3_TASHA,30.0,30.0,20.0,1408,1408,21242801,205745,previews/DAY7/017.jpg,https://huggingface.co/datasets/lmms-lab/EgoLife/resolve/main/A3_TASHA/DAY7/DAY7_A3_TASHA_12323000.mp4
A5_KATRINA/DAY7/DAY7_A5_KATRINA_12410000.mp4,DAY7,A5_KATRINA,30.0,30.0,20.0,1408,1408,13669113,168697,previews/DAY7/018.jpg,https://huggingface.co/datasets/lmms-lab/EgoLife/resolve/main/A5_KATRINA/DAY7/DAY7_A5_KATRINA_12410000.mp4
A6_SHURE/DAY7/DAY7_A6_SHURE_12410000.mp4,DAY7,A6_SHURE,30.0,30.04,20.0,1408,1408,10949217,201313,previews/DAY7/019.jpg,https://huggingface.co/datasets/lmms-lab/EgoLife/resolve/main/A6_SHURE/DAY7/DAY7_A6_SHURE_12410000.mp4
A1_JAKE/DAY7/DAY7_A1_JAKE_12473000.mp4,DAY7,A1_JAKE,30.0,30.0,20.0,1408,1408,12774162,256786,previews/DAY7/020.jpg,https://huggingface.co/datasets/lmms-lab/EgoLife/resolve/main/A1_JAKE/DAY7/DAY7_A1_JAKE_12473000.mp4
A2_ALICE/DAY7/DAY7_A2_ALICE_12493000.mp4,DAY7,A2_ALICE,30.0,30.0,20.0,1408,1408,17311500,206604,previews/DAY7/021.jpg,https://huggingface.co/datasets/lmms-lab/EgoLife/resolve/main/A2_ALICE/DAY7/DAY7_A2_ALICE_12493000.mp4
A5_KATRINA/DAY7/DAY7_A5_KATRINA_12520000.mp4,DAY7,A5_KATRINA,30.0,30.0,20.0,1408,1408,14092561,198929,previews/DAY7/022.jpg,https://huggingface.co/datasets/lmms-lab/EgoLife/resolve/main/A5_KATRINA/DAY7/DAY7_A5_KATRINA_12520000.mp4
A6_SHURE/DAY7/DAY7_A6_SHURE_12563000.mp4,DAY7,A6_SHURE,30.0,30.04,20.0,1408,1408,17193851,154491,previews/DAY7/023.jpg,https://huggingface.co/datasets/lmms-lab/EgoLife/resolve/main/A6_SHURE/DAY7/DAY7_A6_SHURE_12563000.mp4
A4_LUCIA/DAY7/DAY7_A4_LUCIA_13000000.mp4,DAY7,A4_LUCIA,30.0,30.0,20.0,1408,1408,16455983,203055,previews/DAY7/024.jpg,https://huggingface.co/datasets/lmms-lab/EgoLife/resolve/main/A4_LUCIA/DAY7/DAY7_A4_LUCIA_13000000.mp4
A5_KATRINA/DAY7/DAY7_A5_KATRINA_13033000.mp4,DAY7,A5_KATRINA,30.0,30.0,20.0,1408,1408,8252859,191931,previews/DAY7/025.jpg,https://huggingface.co/datasets/lmms-lab/EgoLife/resolve/main/A5_KATRINA/DAY7/DAY7_A5_KATRINA_13033000.mp4
A2_ALICE/DAY7/DAY7_A2_ALICE_13073000.mp4,DAY7,A2_ALICE,30.0,30.04,20.0,1408,1408,15951145,156969,previews/DAY7/026.jpg,https://huggingface.co/datasets/lmms-lab/EgoLife/resolve/main/A2_ALICE/DAY7/DAY7_A2_ALICE_13073000.mp4
A1_JAKE/DAY7/DAY7_A1_JAKE_13083000.mp4,DAY7,A1_JAKE,30.0,30.04,20.0,1408,1408,14542664,190280,previews/DAY7/027.jpg,https://huggingface.co/datasets/lmms-lab/EgoLife/resolve/main/A1_JAKE/DAY7/DAY7_A1_JAKE_13083000.mp4
A6_SHURE/DAY7/DAY7_A6_SHURE_13120000.mp4,DAY7,A6_SHURE,30.0,30.0,20.0,1408,1408,17260053,220693,previews/DAY7/028.jpg,https://huggingface.co/datasets/lmms-lab/EgoLife/resolve/main/A6_SHURE/DAY7/DAY7_A6_SHURE_13120000.mp4
A5_KATRINA/DAY7/DAY7_A5_KATRINA_13143000.mp4,DAY7,A5_KATRINA,30.0,30.04,20.0,1408,1408,6573123,216131,previews/DAY7/029.jpg,https://huggingface.co/datasets/lmms-lab/EgoLife/resolve/main/A5_KATRINA/DAY7/DAY7_A5_KATRINA_13143000.mp4
A4_LUCIA/DAY7/DAY7_A4_LUCIA_13160000.mp4,DAY7,A4_LUCIA,30.0,30.0,20.0,1408,1408,18729872,248720,previews/DAY7/030.jpg,https://huggingface.co/datasets/lmms-lab/EgoLife/resolve/main/A4_LUCIA/DAY7/DAY7_A4_LUCIA_13160000.mp4
A3_TASHA/DAY7/DAY7_A3_TASHA_13210000.mp4,DAY7,A3_TASHA,30.0,30.0,20.0,1408,1408,15036902,160230,previews/DAY7/031.jpg,https://huggingface.co/datasets/lmms-lab/EgoLife/resolve/main/A3_TASHA/DAY7/DAY7_A3_TASHA_13210000.mp4
A2_ALICE/DAY7/DAY7_A2_ALICE_13260000.mp4,DAY7,A2_ALICE,30.0,30.04,20.0,1408,1408,12257863,199239,previews/DAY7/032.jpg,https://huggingface.co/datasets/lmms-lab/EgoLife/resolve/main/A2_ALICE/DAY7/DAY7_A2_ALICE_13260000.mp4
A6_SHURE/DAY7/DAY7_A6_SHURE_13273000.mp4,DAY7,A6_SHURE,30.0,30.04,20.0,1408,1408,14792887,178359,previews/DAY7/033.jpg,https://huggingface.co/datasets/lmms-lab/EgoLife/resolve/main/A6_SHURE/DAY7/DAY7_A6_SHURE_13273000.mp4
A4_LUCIA/DAY7/DAY7_A4_LUCIA_13320000.mp4,DAY7,A4_LUCIA,30.0,30.0,20.0,1408,1408,7485606,211110,previews/DAY7/034.jpg,https://huggingface.co/datasets/lmms-lab/EgoLife/resolve/main/A4_LUCIA/DAY7/DAY7_A4_LUCIA_13320000.mp4
A3_TASHA/DAY7/DAY7_A3_TASHA_13323000.mp4,DAY7,A3_TASHA,30.0,30.0,20.0,1408,1408,8654584,200440,previews/DAY7/035.jpg,https://huggingface.co/datasets/lmms-lab/EgoLife/resolve/main/A3_TASHA/DAY7/DAY7_A3_TASHA_13323000.mp4
A6_SHURE/DAY7/DAY7_A6_SHURE_13430000.mp4,DAY7,A6_SHURE,30.0,30.0,20.0,1408,1408,13636897,202017,previews/DAY7/036.jpg,https://huggingface.co/datasets/lmms-lab/EgoLife/resolve/main/A6_SHURE/DAY7/DAY7_A6_SHURE_13430000.mp4
A3_TASHA/DAY7/DAY7_A3_TASHA_13433000.mp4,DAY7,A3_TASHA,30.0,30.0,20.0,1408,1408,12396185,206489,previews/DAY7/037.jpg,https://huggingface.co/datasets/lmms-lab/EgoLife/resolve/main/A3_TASHA/DAY7/DAY7_A3_TASHA_13433000.mp4
A2_ALICE/DAY7/DAY7_A2_ALICE_13440000.mp4,DAY7,A2_ALICE,30.0,30.0,20.0,1408,1408,11500390,228198,previews/DAY7/038.jpg,https://huggingface.co/datasets/lmms-lab/EgoLife/resolve/main/A2_ALICE/DAY7/DAY7_A2_ALICE_13440000.mp4
A4_LUCIA/DAY7/DAY7_A4_LUCIA_13480000.mp4,DAY7,A4_LUCIA,30.0,30.0,20.0,1408,1408,7232828,154940,previews/DAY7/039.jpg,https://huggingface.co/datasets/lmms-lab/EgoLife/resolve/main/A4_LUCIA/DAY7/DAY7_A4_LUCIA_13480000.mp4
A3_TASHA/DAY7/DAY7_A3_TASHA_13550000.mp4,DAY7,A3_TASHA,30.0,30.0,20.0,1408,1408,17766025,202377,previews/DAY7/040.jpg,https://huggingface.co/datasets/lmms-lab/EgoLife/resolve/main/A3_TASHA/DAY7/DAY7_A3_TASHA_13550000.mp4
A5_KATRINA/DAY7/DAY7_A5_KATRINA_13580000.mp4,DAY7,A5_KATRINA,30.0,30.0,20.0,1408,1408,14797663,183135,previews/DAY7/041.jpg,https://huggingface.co/datasets/lmms-lab/EgoLife/resolve/main/A5_KATRINA/DAY7/DAY7_A5_KATRINA_13580000.mp4
A6_SHURE/DAY7/DAY7_A6_SHURE_13580000.mp4,DAY7,A6_SHURE,30.0,30.0,20.0,1408,1408,5806922,170826,previews/DAY7/042.jpg,https://huggingface.co/datasets/lmms-lab/EgoLife/resolve/main/A6_SHURE/DAY7/DAY7_A6_SHURE_13580000.mp4
A1_JAKE/DAY7/DAY7_A1_JAKE_13583000.mp4,DAY7,A1_JAKE,30.0,30.04,20.0,1408,1408,16854480,208336,previews/DAY7/043.jpg,https://huggingface.co/datasets/lmms-lab/EgoLife/resolve/main/A1_JAKE/DAY7/DAY7_A1_JAKE_13583000.mp4
A2_ALICE/DAY7/DAY7_A2_ALICE_14023000.mp4,DAY7,A2_ALICE,30.0,30.0,20.0,1408,1408,17728142,164494,previews/DAY7/044.jpg,https://huggingface.co/datasets/lmms-lab/EgoLife/resolve/main/A2_ALICE/DAY7/DAY7_A2_ALICE_14023000.mp4
A4_LUCIA/DAY7/DAY7_A4_LUCIA_14043000.mp4,DAY7,A4_LUCIA,30.0,30.0,20.0,1408,1408,14440754,219442,previews/DAY7/045.jpg,https://huggingface.co/datasets/lmms-lab/EgoLife/resolve/main/A4_LUCIA/DAY7/DAY7_A4_LUCIA_14043000.mp4
A3_TASHA/DAY7/DAY7_A3_TASHA_14060000.mp4,DAY7,A3_TASHA,30.0,30.0,20.0,1408,1408,15053196,176524,previews/DAY7/046.jpg,https://huggingface.co/datasets/lmms-lab/EgoLife/resolve/main/A3_TASHA/DAY7/DAY7_A3_TASHA_14060000.mp4
A5_KATRINA/DAY7/DAY7_A5_KATRINA_14093000.mp4,DAY7,A5_KATRINA,30.0,30.0,20.0,1408,1408,6724216,170616,previews/DAY7/047.jpg,https://huggingface.co/datasets/lmms-lab/EgoLife/resolve/main/A5_KATRINA/DAY7/DAY7_A5_KATRINA_14093000.mp4
A6_SHURE/DAY7/DAY7_A6_SHURE_14133000.mp4,DAY7,A6_SHURE,30.0,30.0,20.0,1408,1408,8258467,197539,previews/DAY7/048.jpg,https://huggingface.co/datasets/lmms-lab/EgoLife/resolve/main/A6_SHURE/DAY7/DAY7_A6_SHURE_14133000.mp4
A3_TASHA/DAY7/DAY7_A3_TASHA_14173000.mp4,DAY7,A3_TASHA,30.0,30.0,20.0,1408,1408,8694515,174835,previews/DAY7/049.jpg,https://huggingface.co/datasets/lmms-lab/EgoLife/resolve/main/A3_TASHA/DAY7/DAY7_A3_TASHA_14173000.mp4
A1_JAKE/DAY7/DAY7_A1_JAKE_14190000.mp4,DAY7,A1_JAKE,30.0,30.0,20.0,1408,1408,16083795,158547,previews/DAY7/050.jpg,https://huggingface.co/datasets/lmms-lab/EgoLife/resolve/main/A1_JAKE/DAY7/DAY7_A1_JAKE_14190000.mp4
A2_ALICE/DAY7/DAY7_A2_ALICE_14203000.mp4,DAY7,A2_ALICE,30.0,30.0,20.0,1408,1408,5802398,166302,previews/DAY7/051.jpg,https://huggingface.co/datasets/lmms-lab/EgoLife/resolve/main/A2_ALICE/DAY7/DAY7_A2_ALICE_14203000.mp4
A4_LUCIA/DAY7/DAY7_A4_LUCIA_14203000.mp4,DAY7,A4_LUCIA,30.0,30.0,20.0,1408,1408,16785392,204784,previews/DAY7/052.jpg,https://huggingface.co/datasets/lmms-lab/EgoLife/resolve/main/A4_LUCIA/DAY7/DAY7_A4_LUCIA_14203000.mp4
A5_KATRINA/DAY7/DAY7_A5_KATRINA_14203000.mp4,DAY7,A5_KATRINA,30.0,30.0,20.0,1408,1408,9514655,208543,previews/DAY7/053.jpg,https://huggingface.co/datasets/lmms-lab/EgoLife/resolve/main/A5_KATRINA/DAY7/DAY7_A5_KATRINA_14203000.mp4
A3_TASHA/DAY7/DAY7_A3_TASHA_14283000.mp4,DAY7,A3_TASHA,30.0,30.0,20.0,1408,1408,11540557,202829,previews/DAY7/054.jpg,https://huggingface.co/datasets/lmms-lab/EgoLife/resolve/main/A3_TASHA/DAY7/DAY7_A3_TASHA_14283000.mp4
A6_SHURE/DAY7/DAY7_A6_SHURE_14290000.mp4,DAY7,A6_SHURE,30.0,30.0,20.0,1408,1408,13162314,186186,previews/DAY7/055.jpg,https://huggingface.co/datasets/lmms-lab/EgoLife/resolve/main/A6_SHURE/DAY7/DAY7_A6_SHURE_14290000.mp4
A4_LUCIA/DAY7/DAY7_A4_LUCIA_14363000.mp4,DAY7,A4_LUCIA,30.0,30.0,20.0,1408,1408,11445011,172819,previews/DAY7/056.jpg,https://huggingface.co/datasets/lmms-lab/EgoLife/resolve/main/A4_LUCIA/DAY7/DAY7_A4_LUCIA_14363000.mp4
A2_ALICE/DAY7/DAY7_A2_ALICE_14390000.mp4,DAY7,A2_ALICE,30.0,30.0,20.0,1408,1408,10187269,160261,previews/DAY7/057.jpg,https://huggingface.co/datasets/lmms-lab/EgoLife/resolve/main/A2_ALICE/DAY7/DAY7_A2_ALICE_14390000.mp4
A3_TASHA/DAY7/DAY7_A3_TASHA_14393000.mp4,DAY7,A3_TASHA,30.0,30.0,20.0,1408,1408,10566954,212266,previews/DAY7/058.jpg,https://huggingface.co/datasets/lmms-lab/EgoLife/resolve/main/A3_TASHA/DAY7/DAY7_A3_TASHA_14393000.mp4
A1_JAKE/DAY7/DAY7_A1_JAKE_14400000.mp4,DAY7,A1_JAKE,30.0,30.0,20.0,1408,1408,15046332,235196,previews/DAY7/059.jpg,https://huggingface.co/datasets/lmms-lab/EgoLife/resolve/main/A1_JAKE/DAY7/DAY7_A1_JAKE_14400000.mp4
A4_LUCIA/DAY7/DAY7_A4_LUCIA_14523000.mp4,DAY7,A4_LUCIA,30.0,30.0,20.0,1408,1408,9659858,157138,previews/DAY7/060.jpg,https://huggingface.co/datasets/lmms-lab/EgoLife/resolve/main/A4_LUCIA/DAY7/DAY7_A4_LUCIA_14523000.mp4
A2_ALICE/DAY7/DAY7_A2_ALICE_14573000.mp4,DAY7,A2_ALICE,30.0,30.0,20.0,1408,1408,8585281,196673,previews/DAY7/061.jpg,https://huggingface.co/datasets/lmms-lab/EgoLife/resolve/main/A2_ALICE/DAY7/DAY7_A2_ALICE_14573000.mp4
A1_JAKE/DAY7/DAY7_A1_JAKE_15003000.mp4,DAY7,A1_JAKE,30.0,30.0,20.0,1408,1408,15089589,278453,previews/DAY7/062.jpg,https://huggingface.co/datasets/lmms-lab/EgoLife/resolve/main/A1_JAKE/DAY7/DAY7_A1_JAKE_15003000.mp4
A4_LUCIA/DAY7/DAY7_A4_LUCIA_15090000.mp4,DAY7,A4_LUCIA,30.0,30.04,20.0,1408,1408,19043929,169561,previews/DAY7/063.jpg,https://huggingface.co/datasets/lmms-lab/EgoLife/resolve/main/A4_LUCIA/DAY7/DAY7_A4_LUCIA_15090000.mp4
A2_ALICE/DAY7/DAY7_A2_ALICE_15153000.mp4,DAY7,A2_ALICE,30.0,30.0,20.0,1408,1408,13723854,157902,previews/DAY7/064.jpg,https://huggingface.co/datasets/lmms-lab/EgoLife/resolve/main/A2_ALICE/DAY7/DAY7_A2_ALICE_15153000.mp4
A1_JAKE/DAY7/DAY7_A1_JAKE_15213000.mp4,DAY7,A1_JAKE,30.0,30.0,20.0,1408,1408,12527929,207161,previews/DAY7/065.jpg,https://huggingface.co/datasets/lmms-lab/EgoLife/resolve/main/A1_JAKE/DAY7/DAY7_A1_JAKE_15213000.mp4
A4_LUCIA/DAY7/DAY7_A4_LUCIA_15250000.mp4,DAY7,A4_LUCIA,30.0,30.0,20.0,1408,1408,11153145,208633,previews/DAY7/066.jpg,https://huggingface.co/datasets/lmms-lab/EgoLife/resolve/main/A4_LUCIA/DAY7/DAY7_A4_LUCIA_15250000.mp4
A2_ALICE/DAY7/DAY7_A2_ALICE_15340000.mp4,DAY7,A2_ALICE,30.0,30.0,20.0,1408,1408,16418282,230890,previews/DAY7/067.jpg,https://huggingface.co/datasets/lmms-lab/EgoLife/resolve/main/A2_ALICE/DAY7/DAY7_A2_ALICE_15340000.mp4
A4_LUCIA/DAY7/DAY7_A4_LUCIA_15410000.mp4,DAY7,A4_LUCIA,30.0,30.0,20.0,1408,1408,22825877,215957,previews/DAY7/068.jpg,https://huggingface.co/datasets/lmms-lab/EgoLife/resolve/main/A4_LUCIA/DAY7/DAY7_A4_LUCIA_15410000.mp4
A4_LUCIA/DAY7/DAY7_A4_LUCIA_15570000.mp4,DAY7,A4_LUCIA,30.0,30.0,20.0,1408,1408,16864075,152395,previews/DAY7/069.jpg,https://huggingface.co/datasets/lmms-lab/EgoLife/resolve/main/A4_LUCIA/DAY7/DAY7_A4_LUCIA_15570000.mp4
A6_SHURE/DAY7/DAY7_A6_SHURE_17290000.mp4,DAY7,A6_SHURE,30.0,30.0,20.0,1408,1408,20072825,215417,previews/DAY7/070.jpg,https://huggingface.co/datasets/lmms-lab/EgoLife/resolve/main/A6_SHURE/DAY7/DAY7_A6_SHURE_17290000.mp4
A5_KATRINA/DAY7/DAY7_A5_KATRINA_17310308.mp4,DAY7,A5_KATRINA,26.55,26.55,20.0,1408,1408,16802093,155949,previews/DAY7/071.jpg,https://huggingface.co/datasets/lmms-lab/EgoLife/resolve/main/A5_KATRINA/DAY7/DAY7_A5_KATRINA_17310308.mp4
A3_TASHA/DAY7/DAY7_A3_TASHA_17330000.mp4,DAY7,A3_TASHA,30.0,30.0,20.0,1408,1408,9355521,180481,previews/DAY7/072.jpg,https://huggingface.co/datasets/lmms-lab/EgoLife/resolve/main/A3_TASHA/DAY7/DAY7_A3_TASHA_17330000.mp4
A1_JAKE/DAY7/DAY7_A1_JAKE_17403000.mp4,DAY7,A1_JAKE,30.0,30.04,20.0,1408,1408,17355427,250531,previews/DAY7/073.jpg,https://huggingface.co/datasets/lmms-lab/EgoLife/resolve/main/A1_JAKE/DAY7/DAY7_A1_JAKE_17403000.mp4
A5_KATRINA/DAY7/DAY7_A5_KATRINA_17423000.mp4,DAY7,A5_KATRINA,30.0,30.0,20.0,1408,1408,12580769,260001,previews/DAY7/074.jpg,https://huggingface.co/datasets/lmms-lab/EgoLife/resolve/main/A5_KATRINA/DAY7/DAY7_A5_KATRINA_17423000.mp4
A3_TASHA/DAY7/DAY7_A3_TASHA_17440000.mp4,DAY7,A3_TASHA,30.0,30.0,20.0,1408,1408,15892933,229829,previews/DAY7/075.jpg,https://huggingface.co/datasets/lmms-lab/EgoLife/resolve/main/A3_TASHA/DAY7/DAY7_A3_TASHA_17440000.mp4
A4_LUCIA/DAY7/DAY7_A4_LUCIA_17523000.mp4,DAY7,A4_LUCIA,30.0,30.04,20.0,1408,1408,14873316,193252,previews/DAY7/076.jpg,https://huggingface.co/datasets/lmms-lab/EgoLife/resolve/main/A4_LUCIA/DAY7/DAY7_A4_LUCIA_17523000.mp4
A5_KATRINA/DAY7/DAY7_A5_KATRINA_17533000.mp4,DAY7,A5_KATRINA,30.0,30.0,20.0,1408,1408,13607144,237800,previews/DAY7/077.jpg,https://huggingface.co/datasets/lmms-lab/EgoLife/resolve/main/A5_KATRINA/DAY7/DAY7_A5_KATRINA_17533000.mp4
A3_TASHA/DAY7/DAY7_A3_TASHA_17553000.mp4,DAY7,A3_TASHA,30.0,30.0,20.0,1408,1408,12253241,260153,previews/DAY7/078.jpg,https://huggingface.co/datasets/lmms-lab/EgoLife/resolve/main/A3_TASHA/DAY7/DAY7_A3_TASHA_17553000.mp4
A1_JAKE/DAY7/DAY7_A1_JAKE_18010000.mp4,DAY7,A1_JAKE,30.0,30.0,20.0,1408,1408,17504268,202764,previews/DAY7/079.jpg,https://huggingface.co/datasets/lmms-lab/EgoLife/resolve/main/A1_JAKE/DAY7/DAY7_A1_JAKE_18010000.mp4
A5_KATRINA/DAY7/DAY7_A5_KATRINA_18050000.mp4,DAY7,A5_KATRINA,30.0,30.0,20.0,1408,1408,17377604,207172,previews/DAY7/080.jpg,https://huggingface.co/datasets/lmms-lab/EgoLife/resolve/main/A5_KATRINA/DAY7/DAY7_A5_KATRINA_18050000.mp4
A3_TASHA/DAY7/DAY7_A3_TASHA_18063000.mp4,DAY7,A3_TASHA,30.0,30.0,20.0,1408,1408,12730814,278974,previews/DAY7/081.jpg,https://huggingface.co/datasets/lmms-lab/EgoLife/resolve/main/A3_TASHA/DAY7/DAY7_A3_TASHA_18063000.mp4
A2_ALICE/DAY7/DAY7_A2_ALICE_18090000.mp4,DAY7,A2_ALICE,30.0,30.0,20.0,1408,1408,8076594,212274,previews/DAY7/082.jpg,https://huggingface.co/datasets/lmms-lab/EgoLife/resolve/main/A2_ALICE/DAY7/DAY7_A2_ALICE_18090000.mp4
A4_LUCIA/DAY7/DAY7_A4_LUCIA_18090000.mp4,DAY7,A4_LUCIA,30.0,30.04,20.0,1408,1408,13182239,271647,previews/DAY7/083.jpg,https://huggingface.co/datasets/lmms-lab/EgoLife/resolve/main/A4_LUCIA/DAY7/DAY7_A4_LUCIA_18090000.mp4
A5_KATRINA/DAY7/DAY7_A5_KATRINA_18160000.mp4,DAY7,A5_KATRINA,30.0,30.0,20.0,1408,1408,16426825,239433,previews/DAY7/084.jpg,https://huggingface.co/datasets/lmms-lab/EgoLife/resolve/main/A5_KATRINA/DAY7/DAY7_A5_KATRINA_18160000.mp4
A3_TASHA/DAY7/DAY7_A3_TASHA_18180000.mp4,DAY7,A3_TASHA,30.0,30.0,20.0,1408,1408,15823129,225561,previews/DAY7/085.jpg,https://huggingface.co/datasets/lmms-lab/EgoLife/resolve/main/A3_TASHA/DAY7/DAY7_A3_TASHA_18180000.mp4
A1_JAKE/DAY7/DAY7_A1_JAKE_18220000.mp4,DAY7,A1_JAKE,30.0,30.0,20.0,1408,1408,15718249,251753,previews/DAY7/086.jpg,https://huggingface.co/datasets/lmms-lab/EgoLife/resolve/main/A1_JAKE/DAY7/DAY7_A1_JAKE_18220000.mp4
A4_LUCIA/DAY7/DAY7_A4_LUCIA_18250000.mp4,DAY7,A4_LUCIA,30.0,30.0,20.0,1408,1408,17869643,174923,previews/DAY7/087.jpg,https://huggingface.co/datasets/lmms-lab/EgoLife/resolve/main/A4_LUCIA/DAY7/DAY7_A4_LUCIA_18250000.mp4
A5_KATRINA/DAY7/DAY7_A5_KATRINA_18270000.mp4,DAY7,A5_KATRINA,30.0,30.0,20.0,1408,1408,11494204,222012,previews/DAY7/088.jpg,https://huggingface.co/datasets/lmms-lab/EgoLife/resolve/main/A5_KATRINA/DAY7/DAY7_A5_KATRINA_18270000.mp4
A2_ALICE/DAY7/DAY7_A2_ALICE_18273000.mp4,DAY7,A2_ALICE,30.0,30.0,20.0,1408,1408,17411819,175851,previews/DAY7/089.jpg,https://huggingface.co/datasets/lmms-lab/EgoLife/resolve/main/A2_ALICE/DAY7/DAY7_A2_ALICE_18273000.mp4
A3_TASHA/DAY7/DAY7_A3_TASHA_18290000.mp4,DAY7,A3_TASHA,30.0,30.0,20.0,1408,1408,14439504,218192,previews/DAY7/090.jpg,https://huggingface.co/datasets/lmms-lab/EgoLife/resolve/main/A3_TASHA/DAY7/DAY7_A3_TASHA_18290000.mp4
A4_LUCIA/DAY7/DAY7_A4_LUCIA_18410000.mp4,DAY7,A4_LUCIA,30.0,30.0,20.0,1408,1408,20873128,229288,previews/DAY7/091.jpg,https://huggingface.co/datasets/lmms-lab/EgoLife/resolve/main/A4_LUCIA/DAY7/DAY7_A4_LUCIA_18410000.mp4
A1_JAKE/DAY7/DAY7_A1_JAKE_18423000.mp4,DAY7,A1_JAKE,30.0,30.0,20.0,1408,1408,14082035,188403,previews/DAY7/092.jpg,https://huggingface.co/datasets/lmms-lab/EgoLife/resolve/main/A1_JAKE/DAY7/DAY7_A1_JAKE_18423000.mp4
A2_ALICE/DAY7/DAY7_A2_ALICE_18453000.mp4,DAY7,A2_ALICE,30.0,30.0,20.0,1408,1408,16253657,197337,previews/DAY7/093.jpg,https://huggingface.co/datasets/lmms-lab/EgoLife/resolve/main/A2_ALICE/DAY7/DAY7_A2_ALICE_18453000.mp4
A4_LUCIA/DAY7/DAY7_A4_LUCIA_18570000.mp4,DAY7,A4_LUCIA,30.0,30.0,20.0,1408,1408,19135108,195204,previews/DAY7/094.jpg,https://huggingface.co/datasets/lmms-lab/EgoLife/resolve/main/A4_LUCIA/DAY7/DAY7_A4_LUCIA_18570000.mp4
A1_JAKE/DAY7/DAY7_A1_JAKE_19033000.mp4,DAY7,A1_JAKE,30.0,30.0,20.0,1408,1408,10605140,184916,previews/DAY7/095.jpg,https://huggingface.co/datasets/lmms-lab/EgoLife/resolve/main/A1_JAKE/DAY7/DAY7_A1_JAKE_19033000.mp4
A2_ALICE/DAY7/DAY7_A2_ALICE_19040000.mp4,DAY7,A2_ALICE,30.0,30.04,20.0,1408,1408,14490325,269013,previews/DAY7/096.jpg,https://huggingface.co/datasets/lmms-lab/EgoLife/resolve/main/A2_ALICE/DAY7/DAY7_A2_ALICE_19040000.mp4
A2_ALICE/DAY7/DAY7_A2_ALICE_19220000.mp4,DAY7,A2_ALICE,30.0,30.0,20.0,1408,1408,19617933,153741,previews/DAY7/097.jpg,https://huggingface.co/datasets/lmms-lab/EgoLife/resolve/main/A2_ALICE/DAY7/DAY7_A2_ALICE_19220000.mp4
A1_JAKE/DAY7/DAY7_A1_JAKE_19243000.mp4,DAY7,A1_JAKE,30.0,30.0,20.0,1408,1408,15368452,229636,previews/DAY7/098.jpg,https://huggingface.co/datasets/lmms-lab/EgoLife/resolve/main/A1_JAKE/DAY7/DAY7_A1_JAKE_19243000.mp4
A1_JAKE/DAY7/DAY7_A1_JAKE_19450000.mp4,DAY7,A1_JAKE,30.0,30.0,20.0,1408,1408,14976891,165755,previews/DAY7/099.jpg,https://huggingface.co/datasets/lmms-lab/EgoLife/resolve/main/A1_JAKE/DAY7/DAY7_A1_JAKE_19450000.mp4
A1_JAKE/DAY7/DAY7_A1_JAKE_20060000.mp4,DAY7,A1_JAKE,30.0,30.0,20.0,1408,1408,11287468,277420,previews/DAY7/100.jpg,https://huggingface.co/datasets/lmms-lab/EgoLife/resolve/main/A1_JAKE/DAY7/DAY7_A1_JAKE_20060000.mp4
